Company,Year,Total Liabilities Growth %,Borrowings Growth %,Equity Growth %,Total Assets Growth %,Operating Profit Growth %,Net Profit Growth %,Operating Cash Flow Growth %
adani-ports,2004,,,,,,,
adani-ports,2005,50.66,135.86,13.65,38.73,202.83,2157.3,-32.46
adani-ports,2006,43.68,59.13,12.47,29.61,29.52,8.71,-1.0
adani-ports,2007,33.96,34.04,24.69,31.27,48.23,178.76,123.28
adani-ports,2008,35.4,48.7,250.04,87.96,87.11,13.86,15.81
adani-ports,2009,13.92,21.31,12.74,13.38,43.54,116.06,33.89
adani-ports,2010,28.22,36.5,18.44,23.78,26.26,52.03,48.91
adani-ports,2011,-7.38,-49.38,23.1,5.85,39.86,40.68,21.65
adani-ports,2012,88.73,221.49,21.6,54.85,30.48,19.38,2.25
adani-ports,2013,45.21,51.81,28.39,38.54,47.96,49.01,6.4
adani-ports,2014,0.15,5.99,39.26,14.51,7.36,14.94,16.92
adani-ports,2015,26.24,18.6,20.0,23.45,-7.25,8.28,24.76
adani-ports,2016,20.26,36.48,21.09,20.62,31.58,35.79,-14.27
adani-ports,2017,26.96,44.04,23.72,26.08,15.02,4.59,35.0
adani-ports,2018,0.72,0.98,8.5,4.04,14.72,-22.33,4.27
adani-ports,2019,19.48,24.29,12.17,16.14,-25.45,9.54,33.31
adani-ports,2020,18.7,10.55,-3.08,9.25,-67.89,-26.67,-1.38
adani-ports,2021,15.07,21.82,9.82,13.02,237.28,-0.33,-4.04
adani-ports,2022,30.89,36.45,22.03,27.51,-79.93,-84.57,-0.98
adani-ports,2023,6.1,6.05,8.03,6.77,-310.96,-261.12,-9.89
adani-ports,2024,4.65,5.15,2.31,3.8,-399.72,-462.59,37.92
adani-ports,2025,4.9,3.55,3.73,4.48,25.84,41.35,46.16
adani-ports,2026,-7.75,-6.98,103.28,31.33,-1.29,-27.04,9.18
allcargo,2004,,,,,,,
allcargo,2005,3.34,-10.63,153.03,49.67,,,
allcargo,2006,11.1,-53.83,703.37,374.47,,,-209.27
allcargo,2006,23.78,391.92,-50.52,-42.28,,,0.0
allcargo,2006,-19.21,-79.67,102.12,73.26,,,-265.51
allcargo,2006,23.78,391.92,-50.52,-42.28,,,0.0
allcargo,2007,63.29,8.21,139.72,122.92,,,170.13
allcargo,2008,263.31,746.02,22.0,69.99,,,-46.27
allcargo,2009,-24.54,-47.01,69.59,27.92,,,114.17
allcargo,2010,106.99,126.21,23.75,42.07,,,-11.45
allcargo,2012,77.87,80.35,16.6,36.23,,,114.59
allcargo,2013,-0.56,-44.7,3.07,1.54,,,-12.04
allcargo,2014,-13.19,-24.86,3.47,-3.39,,,-23.52
allcargo,2015,-20.4,22.43,5.29,-4.21,,,11.45
allcargo,2016,-17.7,-66.23,6.36,-1.03,,,0.57
allcargo,2017,23.34,344.23,-1.42,4.91,,,-9.15
allcargo,2018,-11.01,-27.91,-1.9,-4.64,,,-12.05
allcargo,2019,49.14,72.17,1.83,15.1,,,-9.23
allcargo,2020,83.27,100.36,9.77,36.48,,,44.96
allcargo,2021,9.56,-37.54,9.32,9.44,,,-17.69
allcargo,2022,1.91,40.5,18.98,10.64,,,-76.16
allcargo,2023,-51.67,-73.62,-46.17,-48.65,,,761.18
allcargo,2024,42.85,166.2,19.52,29.4,,,-144.63
allcargo,2025,5.61,11.34,-10.41,-2.92,,,-175.89
allcargo,2026,1.73,-82.44,-48.16,-22.79,,,161.12
allcargo (1),2004,,,,,,,
allcargo (1),2005,,,,,,,
allcargo (1),2006,,,,,,,-209.27
allcargo (1),2006,,,,,,,-265.51
allcargo (1),2007,,,,,,,170.13
allcargo (1),2008,,,,,,,-46.27
allcargo (1),2009,,,,,,,114.17
allcargo (1),2010,,,,,,,-11.45
allcargo (1),2012,,,,,,,114.59
allcargo (1),2013,,,,,,,-12.04
allcargo (1),2014,,,,,,,-23.52
allcargo (1),2015,,,,,,,11.45
allcargo (1),2016,,,,,,,0.57
allcargo (1),2017,,,,,,,-9.15
allcargo (1),2018,,,,,,,-12.05
allcargo (1),2019,,,,,,,-9.23
allcargo (1),2020,,,,,,,44.96
allcargo (1),2021,,,,,,,-17.69
allcargo (1),2022,,,,,,,-76.16
allcargo (1),2023,,,,,,,761.18
allcargo (1),2024,,,,,,,-144.63
allcargo (1),2025,,,,,,,-175.89
allcargo (1),2026,,,,,,,161.12
amber-enterpris,2013,,,,,,,
amber-enterpris,2014,5.79,-3.14,56.17,15.45,18.32,1.94,42.52
amber-enterpris,2015,19.91,21.03,12.54,18.0,42.17,33.69,28.85
amber-enterpris,2016,12.54,4.05,8.81,11.62,8.18,-19.22,105.56
amber-enterpris,2017,3.56,21.58,26.55,12.36,23.94,18.36,-17.08
amber-enterpris,2018,-25.34,-88.53,176.52,27.36,43.07,156.47,7.4
amber-enterpris,2019,80.75,286.82,10.45,39.26,8.36,49.25,-130.05
amber-enterpris,2020,29.92,74.81,10.82,20.98,9.86,27.48,-765.73
amber-enterpris,2021,13.23,4.54,41.2,25.22,-46.89,-56.28,-20.0
amber-enterpris,2022,58.92,203.8,4.49,32.61,-9.34,-6.71,-30.18
amber-enterpris,2023,33.2,29.1,3.79,22.0,48.51,1.7,30.44
amber-enterpris,2024,-8.07,0.01,3.57,-4.3,20.0,-17.09,309.35
amber-enterpris,2025,38.38,27.35,10.37,28.56,114.62,233.63,-29.75
amber-enterpris,2026,19.67,35.35,61.84,32.36,11.69,7.8,-102.52
anant-raj,2004,,,,,,,
anant-raj,2005,9.56,3.57,1.34,4.5,-55.33,-53.23,-264.39
anant-raj,2006,132.28,120.45,298.14,238.5,32.84,9582.76,-29.76
anant-raj,2007,1407.71,1501.07,1190.4,1229.93,156.18,334.37,-353.27
anant-raj,2008,-52.19,-82.46,155.85,89.13,-537.72,270.3,2337.27
anant-raj,2009,-5.43,92.72,11.93,10.55,-48.3,-19.0,-259.26
anant-raj,2010,-10.05,-15.19,6.69,6.8,-510.08,-35.17,-116.66
anant-raj,2011,395.43,799.45,5.51,26.58,943.53,-29.39,1898.84
anant-raj,2012,28.86,18.42,2.62,8.5,-29.09,-34.76,-88.26
anant-raj,2013,20.41,10.55,2.67,7.38,-11.41,-8.74,-11.26
anant-raj,2014,1.98,-21.19,2.08,2.05,-15.74,-11.41,-444.73
anant-raj,2015,-2.6,-2.17,2.91,1.27,72.4,41.55,1.3
anant-raj,2016,10.51,15.23,-0.45,2.69,-61.75,-54.06,-103.27
anant-raj,2017,17.18,31.51,2.79,7.23,30.7,4.87,1869.26
anant-raj,2018,34.16,42.56,0.39,11.77,-23.05,-28.83,13.73
anant-raj,2019,-29.49,-28.11,-40.65,-36.14,-35.85,-24.28,-467.07
anant-raj,2020,-2.76,-2.43,-0.61,-1.57,-16.49,-15.8,-99.97
anant-raj,2021,-2.09,12.2,0.96,-0.38,-14.01,-26.42,-91265.38
anant-raj,2022,-19.67,-36.19,5.8,-5.24,16.13,177.92,-280.12
anant-raj,2023,-11.99,-4.91,5.74,-0.78,125.25,90.77,-92.02
anant-raj,2024,-34.53,-33.1,23.29,4.43,-7.19,21.95,-147.1
anant-raj,2025,-26.37,-28.62,8.75,1.57,129.44,68.56,-723.36
anant-raj,2026,-17.97,-23.25,36.74,28.63,48.35,36.15,-281.7
apl-apollo,2004,,,,,,,
apl-apollo,2005,88.68,96.58,10.2,65.94,14.76,-33.96,
apl-apollo,2006,30.08,30.36,18.52,27.84,12.54,100.0,
apl-apollo,2007,57.11,67.97,73.21,59.98,229.43,382.14,62.65
apl-apollo,2008,52.74,49.11,291.24,106.67,126.8,125.78,169.73
apl-apollo,2009,58.55,102.87,202.54,104.9,-51.24,-99.61,-88.32
apl-apollo,2010,-8.93,-21.98,6.79,-0.47,125.18,28633.33,-361.45
apl-apollo,2011,61.99,54.01,14.21,34.4,79.66,47.22,131.68
apl-apollo,2012,24.47,16.74,18.93,21.75,27.2,13.32,51.12
apl-apollo,2013,49.39,54.84,12.89,31.9,30.38,20.51,-170.52
apl-apollo,2014,15.84,19.25,8.2,12.71,-2.56,-24.44,-417.97
apl-apollo,2015,0.8,0.06,5.01,2.46,-0.96,20.08,136.84
apl-apollo,2016,42.79,19.56,1.59,26.16,-16.57,-1.97,-77.67
apl-apollo,2017,42.52,3.19,133.49,72.09,163.42,186.47,946.25
apl-apollo,2018,20.39,45.85,11.7,16.56,5.25,27.59,-115.89
apl-apollo,2019,26.9,-7.52,11.28,20.3,22.66,12.16,-546.44
apl-apollo,2020,-17.23,-17.22,26.54,-0.12,-27.97,-9.0,13.97
apl-apollo,2021,5.54,-11.64,13.61,9.54,27.91,33.71,102.63
apl-apollo,2022,6.62,-10.37,20.45,13.72,79.47,86.71,-74.06
apl-apollo,2023,32.23,2.73,47.32,40.45,79.4,78.29,470.63
apl-apollo,2024,-12.03,-67.33,12.39,1.91,-12.86,-11.37,-19.08
apl-apollo,2025,38.52,413.84,6.83,18.57,-27.4,-26.03,-44.25
apl-apollo,2026,8.44,-4.32,12.78,10.9,74.36,63.03,190.69
astec-life,2004,,,,,,,
astec-life,2005,67.57,96.61,25.83,53.0,9.9,33.33,
astec-life,2006,67.67,228.66,54.3,69.42,95.95,155.88,
astec-life,2007,49.58,51.28,63.73,48.28,16.78,6.32,
astec-life,2008,48.26,42.83,49.08,48.5,143.5,114.59,
astec-life,2009,17.28,33.02,41.93,24.46,37.91,30.6,
astec-life,2010,-6.77,-16.2,187.61,57.82,19.7,27.39,
astec-life,2011,24.45,8.9,4.41,12.32,-51.13,-61.7,81.75
astec-life,2012,68.81,67.53,2.88,31.7,-20.84,-52.17,-46.58
astec-life,2013,18.67,-1.55,7.24,13.64,81.52,145.45,52.27
astec-life,2014,8.94,10.29,7.19,8.21,35.77,45.12,12.96
astec-life,2015,34.03,17.08,19.05,27.88,14.74,71.35,-26.37
astec-life,2016,15.19,36.79,-14.25,3.92,-135.09,-236.97,-24.71
astec-life,2017,-22.9,8.47,17.88,-10.02,-584.82,-194.36,107.58
astec-life,2018,24.46,-1.57,22.97,23.85,53.2,83.18,237.63
astec-life,2019,6.23,41.19,19.31,11.61,-1.99,2.06,-76.3
astec-life,2020,25.92,-43.81,21.72,24.08,8.6,33.01,999.54
astec-life,2021,13.37,89.47,25.26,18.49,38.42,36.28,-104.78
astec-life,2022,35.63,49.37,28.27,32.28,39.49,38.85,-390.45
astec-life,2023,11.85,22.12,5.76,9.16,-64.44,-71.59,217.47
astec-life,2024,8.11,44.76,-11.97,-0.48,-199.22,-284.13,-86.37
astec-life,2025,6.75,12.28,-36.51,-9.62,160.47,186.89,-182.82
astec-life,2026,-14.7,-19.04,66.56,6.91,-53.09,-39.91,860.55
astral-ltd,2004,,,,,,,
astral-ltd,2005,42.32,46.98,65.68,49.03,-7.93,-15.81,
astral-ltd,2006,49.97,41.94,72.45,63.75,49.04,75.55,
astral-ltd,2007,65.37,50.46,338.7,149.46,77.05,126.62,-92.33
astral-ltd,2008,40.92,31.49,18.21,27.65,55.39,87.38,3139.13
astral-ltd,2009,53.83,94.32,16.12,33.42,30.46,-16.87,-188.19
astral-ltd,2010,37.05,-35.17,27.4,32.5,46.38,97.53,-488.43
astral-ltd,2011,24.5,-22.95,25.94,25.16,38.31,19.84,80.72
astral-ltd,2012,62.9,104.14,24.74,45.51,51.2,18.34,82.33
astral-ltd,2013,3.15,-0.77,30.31,13.76,37.28,49.74,-18.14
astral-ltd,2014,23.37,49.16,30.16,26.4,37.67,29.72,18.61
astral-ltd,2015,19.09,18.82,94.76,53.95,-9.58,-10.84,6.36
astral-ltd,2016,11.61,7.15,20.54,16.82,10.11,5.27,123.45
astral-ltd,2017,-1.89,3.14,13.16,7.16,28.32,47.14,-55.21
astral-ltd,2018,0.44,-40.61,13.46,8.71,13.14,11.62,166.16
astral-ltd,2019,30.78,99.43,21.62,24.71,25.54,18.85,24.78
astral-ltd,2020,-3.33,-39.09,15.4,8.78,18.12,41.96,17.59
astral-ltd,2021,-5.41,-90.01,23.53,14.44,53.62,62.8,51.65
astral-ltd,2022,30.26,221.35,21.96,24.12,23.97,23.83,-8.43
astral-ltd,2023,20.85,-92.66,33.54,30.08,15.58,10.65,3.23
astral-ltd,2024,19.16,1328.57,16.81,17.41,17.48,22.88,62.06
astral-ltd,2025,6.98,161.33,14.89,12.86,3.88,2.89,-21.3
astral-ltd,2026,27.57,-20.66,14.22,17.47,9.72,7.89,74.75
avanti-feeds,2004,,,,,,,
avanti-feeds,2005,37.29,54.23,13.45,24.33,-4.03,-13.04,-137.92
avanti-feeds,2006,2.47,54.02,10.55,6.49,-58.06,-16.6,-210.29
avanti-feeds,2007,2.6,9.78,0.74,1.63,-29.37,-78.7,-49.66
avanti-feeds,2008,-25.89,-27.43,0.17,-12.58,-56.42,-47.31,368.12
avanti-feeds,2009,1.39,-6.73,-1.67,-0.4,-286.8,-898.86,-45.63
avanti-feeds,2010,-4.13,-13.57,-1.72,-2.73,53.8,-82.93,-57.92
avanti-feeds,2011,45.77,49.83,3.62,21.14,-198.06,-385.0,-301.53
avanti-feeds,2012,21.8,-0.29,34.02,28.67,634.23,720.76,-747.85
avanti-feeds,2013,40.46,22.81,25.52,31.86,10.28,7.55,-140.05
avanti-feeds,2014,79.17,-8.83,44.89,62.19,133.64,131.04,-376.74
avanti-feeds,2015,-1.6,3.2,49.74,21.12,64.36,67.14,57.78
avanti-feeds,2016,6.39,-84.54,44.99,27.51,25.1,33.18,94.44
avanti-feeds,2017,25.98,-84.53,52.05,42.2,31.88,26.51,65.28
avanti-feeds,2018,14.49,-100.0,63.59,47.15,108.93,111.25,13.68
avanti-feeds,2019,-35.01,,13.26,0.69,-50.86,-46.14,-62.04
avanti-feeds,2020,18.04,,12.92,13.78,8.43,27.96,-36.87
avanti-feeds,2021,4.94,,25.32,21.76,7.37,6.78,332.69
avanti-feeds,2022,21.59,,7.51,9.62,-39.77,-34.75,-150.94
avanti-feeds,2023,-6.78,,9.12,6.47,19.43,16.85,-266.55
avanti-feeds,2024,5.58,,12.57,11.55,23.43,32.31,-38.69
avanti-feeds,2025,25.99,,20.11,20.92,74.96,59.81,279.55
avanti-feeds,2026,10.34,,17.47,16.45,4.43,9.25,-42.83
bajaj-finance,2004,,,,,,,
bajaj-finance,2005,62.31,97.85,17.89,51.26,36.4,45.09,-69.46
bajaj-finance,2006,50.42,49.75,75.04,56.07,16.1,-62.33,-1948.38
bajaj-finance,2007,47.38,58.85,106.31,59.61,61.94,126.0,5.84
bajaj-finance,2008,9.5,2.79,6.77,8.57,-35.42,-56.8,-106.82
bajaj-finance,2009,6.15,-3.13,2.38,5.11,93.61,64.77,-511.86
bajaj-finance,2010,24.32,100.24,5.86,19.35,75.12,163.67,1078.68
bajaj-finance,2011,95.1,64.96,17.84,76.64,167.23,176.21,82.21
bajaj-finance,2012,52.06,72.88,49.74,51.69,84.23,64.58,60.74
bajaj-finance,2013,32.69,4.14,65.57,37.86,53.76,45.49,-28.51
bajaj-finance,2014,42.71,66.44,18.53,38.14,27.33,21.6,86.37
bajaj-finance,2015,35.8,41.61,20.27,33.28,36.08,24.88,16.06
bajaj-finance,2016,39.34,63.92,54.73,41.59,34.84,42.39,38.63
bajaj-finance,2017,38.69,13.54,29.27,37.18,37.04,43.65,6.6
bajaj-finance,2018,23.98,46.45,72.06,31.22,30.4,44.11,63.72
bajaj-finance,2019,32.52,40.26,18.44,29.74,39.09,46.99,-7.7
bajaj-finance,2020,19.4,20.68,62.61,27.19,22.52,25.47,-10.56
bajaj-finance,2021,-3.57,-4.16,12.97,0.24,-12.69,-18.96,-130.56
bajaj-finance,2022,23.01,23.21,17.02,21.45,26.24,60.55,-651.79
bajaj-finance,2023,31.02,31.41,22.44,28.87,43.39,62.03,14.86
bajaj-finance,2024,36.1,36.3,39.84,36.99,33.37,22.88,98.81
bajaj-finance,2025,24.61,24.88,22.2,24.02,29.73,31.77,-6.15
bajaj-finance,2026,17.58,17.3,17.19,17.49,12.51,6.86,-19.89
balrampur-chini,2004,,,,,,,
balrampur-chini,2005,-6.88,-27.61,78.56,15.09,114.13,106.62,2986.65
balrampur-chini,2006,34.96,41.67,84.13,54.57,91.5,133.07,372.63
balrampur-chini,2007,84.56,134.96,-4.6,42.19,-97.53,-114.27,-82.45
balrampur-chini,2008,0.27,5.73,17.46,5.75,2004.82,-333.13,-37.37
balrampur-chini,2009,-14.15,-28.52,15.78,-3.55,70.03,133.44,947.94
balrampur-chini,2011,58.72,69.16,9.71,37.88,0.34,-27.42,-196.41
balrampur-chini,2012,18.55,4.35,-5.53,10.41,-63.6,-95.97,-131.52
balrampur-chini,2013,-2.92,-13.36,8.61,0.42,144.51,2347.58,184.75
balrampur-chini,2014,1.22,-9.32,-7.9,-1.63,-66.44,-97.75,-16.75
balrampur-chini,2015,-5.64,19.63,-7.31,-6.13,-93.45,-1685.99,-116.5
balrampur-chini,2016,-11.1,-7.55,9.04,-5.27,1765.11,-273.67,-292.74
balrampur-chini,2017,-0.45,14.15,25.15,8.08,498.5,490.75,135.57
balrampur-chini,2018,-15.45,-48.51,2.97,-8.34,-53.39,-62.67,240.66
balrampur-chini,2019,24.04,91.04,31.23,27.15,66.43,158.07,-144.33
balrampur-chini,2020,-7.63,-16.43,13.81,1.96,-2.14,-10.75,-262.45
balrampur-chini,2021,-15.96,-18.89,8.16,-3.92,3.69,-7.76,-23.62
balrampur-chini,2022,-13.98,6.61,7.58,-1.86,6.08,9.56,7.04
balrampur-chini,2023,47.01,55.31,4.25,20.67,-40.05,-46.46,-34.8
balrampur-chini,2024,4.8,6.9,14.06,9.73,61.9,57.23,-60.74
balrampur-chini,2025,24.53,30.77,9.19,16.05,-14.22,-20.62,139.08
balrampur-chini,2026,28.19,20.68,8.69,18.04,6.09,0.97,41.0
bank-of-baroda,2011,,,,,,,
bank-of-baroda,2012,,,,24.81,,,22.31
bank-of-baroda,2013,,,,22.31,,,58.21
bank-of-baroda,2014,,,,20.54,,,79.95
bank-of-baroda,2015,,,,8.41,,,-56.06
bank-of-baroda,2016,,,,-6.1,,,-154.61
bank-of-baroda,2017,,,,3.5,,,-274.7
bank-of-baroda,2018,,,,3.62,,,-455.29
bank-of-baroda,2019,,,,8.47,,,-93.26
bank-of-baroda,2020,,,,48.26,,,-122.56
bank-of-baroda,2021,,,,-0.22,,,-595.87
bank-of-baroda,2022,,,,10.61,,,-263.34
bank-of-baroda,2023,,,,14.13,,,-361.19
bank-of-baroda,2024,,,,8.72,,,-72.25
bank-of-baroda,2025,,,,12.33,,,-613.47
bank-of-baroda,2026,,,,12.8,,,10.55
best-agrolife,2011,,,,,,,
best-agrolife,2012,186.67,,0.0,8.81,-100.0,-100.0,
best-agrolife,2013,451.16,,0.33,56.36,,,
best-agrolife,2014,28.27,,0.66,12.57,-300.0,100.0,
best-agrolife,2015,-99.01,,0.98,-48.77,-25.0,50.0,3900.0
best-agrolife,2016,3600.0,,0.0,34.94,466.67,33.33,-160.0
best-agrolife,2017,3323.42,,1476.05,1959.38,-629.41,-450.0,5145.83
best-agrolife,2018,-20.21,,-4.87,-5.92,-442.22,-250.0,179.67
best-agrolife,2019,904.49,359.59,283.47,491.16,-433.77,2133.33,-271.17
best-agrolife,2020,-17.35,-18.55,-52.84,-30.42,21.6,76.12,-73.8
best-agrolife,2021,-4.18,-19.35,54.76,10.53,285.84,348.79,-36.8
best-agrolife,2022,64.44,421.09,140.84,91.16,151.42,134.88,-280.56
best-agrolife,2023,43.34,112.64,15.11,30.9,-33.3,-45.93,610.38
best-agrolife,2024,39.08,22.84,1.8,24.64,-31.02,-71.41,-73.01
best-agrolife,2025,-32.83,-27.67,21.26,-15.71,71.72,230.39,-479.36
best-agrolife,2026,-18.54,-18.59,5.7,-7.51,-34.72,-31.66,-6.06
bharat-rasayan,2004,,,,,,,
bharat-rasayan,2005,28.06,28.38,3.88,8.18,63.79,68.33,-25.24
bharat-rasayan,2006,60.75,40.63,5.73,17.31,-45.79,53.47,-255.67
bharat-rasayan,2007,-24.07,-18.41,3.08,-4.75,26.21,-43.23,-153.97
bharat-rasayan,2008,76.14,43.67,13.57,27.96,281.54,403.41,-162.58
bharat-rasayan,2009,68.06,62.32,13.74,30.94,72.38,15.12,9.31
bharat-rasayan,2010,-33.17,-70.26,12.92,-5.8,-13.33,13.92,-934.08
bharat-rasayan,2011,21.65,124.07,1.72,7.47,3.64,1.38,-45.86
bharat-rasayan,2012,240.18,361.63,21.06,92.56,80.08,66.89,24.53
bharat-rasayan,2013,156.38,266.45,18.11,97.82,29.72,-2.44,-242.42
bharat-rasayan,2014,21.88,-0.04,31.42,24.29,144.2,110.11,-259.69
bharat-rasayan,2015,-1.9,-1.42,37.67,8.69,45.24,57.57,109.36
bharat-rasayan,2016,-18.79,-21.54,29.4,-2.46,-0.31,6.71,-21.74
bharat-rasayan,2017,-5.92,3.56,37.1,13.41,47.74,60.95,-66.23
bharat-rasayan,2018,21.75,11.88,48.6,36.33,53.28,80.29,82.57
bharat-rasayan,2019,68.84,92.45,37.07,50.03,17.27,13.44,-281.6
bharat-rasayan,2020,-45.87,-62.0,37.99,-0.51,21.11,41.36,-601.87
bharat-rasayan,2021,-3.81,-37.73,29.03,20.83,4.17,4.33,-35.19
bharat-rasayan,2022,77.07,197.02,6.03,20.15,6.36,7.7,-138.46
bharat-rasayan,2023,-43.62,-83.91,16.78,-0.91,-26.24,-26.14,-425.92
bharat-rasayan,2024,16.23,188.01,8.96,10.17,-45.13,-37.62,-80.75
bharat-rasayan,2025,32.72,5.9,12.69,16.21,61.68,53.29,318.74
bharat-rasayan,2026,-43.28,-98.56,12.83,1.56,4.09,14.25,-23.25
blue-dart,2004,,,,,,,
blue-dart,2005,-12.28,-35.71,53.07,20.67,43.18,63.94,24.55
blue-dart,2005,0.0,0.0,0.0,0.0,0.0,0.0,14.72
blue-dart,2005,0.0,0.0,0.0,0.0,-5.67,-10.07,-12.83
blue-dart,2005,0.0,0.0,0.0,0.0,0.0,0.0,14.72
blue-dart,2005,13.55,28.18,-19.41,-7.53,6.01,11.19,-12.83
blue-dart,2005,0.0,0.0,0.0,0.0,0.0,0.0,14.72
blue-dart,2005,0.0,0.0,0.0,0.0,-5.67,-10.07,-12.83
blue-dart,2005,0.0,0.0,0.0,0.0,0.0,0.0,14.72
blue-dart,2006,-21.68,-81.08,53.18,20.05,29.96,28.66,13.17
blue-dart,2007,12.89,-100.0,26.81,22.79,32.65,39.22,31.37
blue-dart,2008,5.62,,23.5,18.75,2.99,10.61,-33.67
blue-dart,2009,6.92,,14.78,12.93,-20.75,-21.51,-27.29
blue-dart,2010,19.28,,20.36,20.12,57.49,55.44,-6.22
blue-dart,2011,15.92,,21.56,20.31,16.28,29.53,182.15
blue-dart,2013,118.1,,-1.28,24.25,46.97,54.34,73.3
blue-dart,2014,-24.33,,-2.22,-10.52,-37.27,-34.06,-34.29
blue-dart,2015,129.17,,-53.23,4.67,23.97,1.96,28.1
blue-dart,2016,0.96,0.0,58.4,18.48,61.12,49.78,76.07
blue-dart,2017,6.77,0.0,10.86,8.44,-24.1,-26.53,-47.06
blue-dart,2018,-17.09,-50.0,19.08,-2.01,-2.57,1.81,46.84
blue-dart,2019,16.61,-11.99,7.01,11.74,-41.59,-38.35,-25.2
blue-dart,2020,38.56,-64.09,-12.23,13.92,-123.17,-143.71,-40.34
blue-dart,2021,18.38,-57.14,16.4,17.64,-616.37,-351.53,379.23
blue-dart,2022,-6.81,-100.0,40.59,10.72,232.53,290.86,29.81
blue-dart,2023,-0.55,,31.99,14.73,-6.72,-2.66,-45.21
blue-dart,2024,5.93,,14.14,10.37,-29.08,-21.23,39.78
blue-dart,2025,23.89,,12.84,17.72,-13.28,-15.25,9.55
blue-dart,2026,19.74,,12.8,16.03,-2.05,-2.02,-29.06
blue-star,2004,,,,,,,
blue-star,2005,47.86,179.25,14.3,35.13,47.4,20.31,-25.57
blue-star,2006,35.07,103.51,16.33,29.06,64.27,24.87,19.69
blue-star,2007,26.99,17.37,23.26,25.91,31.23,45.56,227.45
blue-star,2008,69.54,-58.97,23.71,56.56,124.84,144.58,122.52
blue-star,2009,9.1,-35.41,39.25,15.84,17.97,3.56,26.87
blue-star,2010,11.62,-62.16,33.79,17.59,-0.1,17.31,-31.96
blue-star,2011,51.17,4585.11,16.64,40.6,-8.64,-26.71,-164.93
blue-star,2012,-6.46,-17.97,-17.37,-9.23,-119.56,-157.52,-447.35
blue-star,2013,1.82,8.58,4.32,2.4,-255.56,-158.04,-84.64
blue-star,2014,6.23,15.62,7.12,6.44,7.41,46.7,110.25
blue-star,2015,-8.09,-22.97,18.03,-1.9,147.99,100.96,128.5
blue-star,2016,10.07,-13.93,7.78,17.29,-4.39,-19.51,39.74
blue-star,2017,-1.35,-47.76,36.23,1.88,-1.58,-8.8,-51.98
blue-star,2018,32.22,113.93,3.32,22.1,13.19,18.08,-122.49
blue-star,2019,1.25,14.15,1.34,1.28,7.48,-7.88,-624.72
blue-star,2020,8.14,34.71,-11.58,2.29,-37.22,-0.76,161.69
blue-star,2021,3.92,17.9,8.17,5.01,-17.8,-45.45,-22.59
blue-star,2022,18.49,-6.71,9.71,16.17,102.81,93.75,-81.41
blue-star,2023,15.99,-11.6,26.79,18.68,152.51,186.97,437.41
blue-star,2024,3.89,-50.67,96.45,28.56,-4.99,0.25,-19.89
blue-star,2025,32.7,35.43,13.66,24.95,26.24,31.95,168.28
blue-star,2026,0.89,131.14,7.21,3.23,-15.0,-20.58,-93.74
brigade-ent,2004,,,,,,,
brigade-ent,2005,203.97,251.69,66.31,175.68,100.0,63.7,
brigade-ent,2006,20.13,-6.18,82.6,27.88,45.75,138.97,
brigade-ent,2007,55.54,134.3,87.29,61.16,138.05,77.4,-216.93
brigade-ent,2008,18.09,23.85,530.24,123.52,10.38,37.76,129.11
brigade-ent,2009,11.66,44.07,7.25,9.1,-45.43,-19.34,-36.72
brigade-ent,2010,28.59,52.76,3.06,14.02,35.86,-44.35,-216.69
brigade-ent,2011,30.6,-12.09,9.72,19.83,100.47,158.07,-58.54
brigade-ent,2012,18.83,20.47,3.34,11.51,-42.96,-51.3,467.44
brigade-ent,2013,3.36,16.71,3.92,3.61,43.89,10.6,-48.54
brigade-ent,2014,8.95,-19.53,5.37,7.38,30.83,39.77,213.35
brigade-ent,2015,33.5,-13.06,3.42,20.55,18.72,-22.05,-104.08
brigade-ent,2016,30.1,72.74,9.66,22.55,38.8,109.09,-1428.07
brigade-ent,2017,3.59,-3.19,17.35,8.14,14.29,12.03,94.37
brigade-ent,2018,13.25,64.41,37.41,21.92,2.92,10.09,-83.27
brigade-ent,2019,50.3,5.4,-0.9,29.59,24.63,29.75,231.61
brigade-ent,2020,-0.59,-7.11,10.25,2.76,-3.14,11.35,27.11
brigade-ent,2021,4.08,-2.15,9.19,5.77,-34.53,-44.57,43.72
brigade-ent,2022,-1.9,9.29,28.34,8.46,64.77,113.66,27.39
brigade-ent,2023,-0.33,-12.58,10.23,3.95,-2.73,24.65,-47.1
brigade-ent,2024,21.38,22.54,7.41,15.38,-11.12,-17.35,-140.11
brigade-ent,2025,22.89,-10.14,44.9,31.7,-5.01,43.09,-393.21
brigade-ent,2026,43.08,91.65,3.73,25.76,-37.61,-39.06,-314.71
brookfield-reit,2018,,,,,,,
brookfield-reit,2019,0.37,93.06,-4.59,3.07,0.6,-109.78,22.35
brookfield-reit,2020,0.76,5.94,-1.58,6.63,58.69,-196.0,4.85
brookfield-reit,2021,-98.24,-100.0,-429.3,55.71,-91.43,314.15,-100.26
brookfield-reit,2022,-96.19,,10.74,9.03,604.28,622.58,1841.91
brookfield-reit,2023,267.71,,-3.74,-3.59,-28.33,-25.12,5.0
brookfield-reit,2024,3875.31,,25.02,33.24,4.83,-11.93,-45.94
brookfield-reit,2025,-4.48,-8.12,40.37,37.51,82.17,139.43,92.8
canara-bank,2011,,,,,,,
canara-bank,2012,,,,11.38,,,-109.76
canara-bank,2013,,,,10.2,,,-1126.49
canara-bank,2014,,,,19.3,,,11.62
canara-bank,2015,,,,11.4,,,-52.31
canara-bank,2016,,,,0.91,,,33.68
canara-bank,2017,,,,5.53,,,-61.9
canara-bank,2018,,,,5.72,,,-596.68
canara-bank,2019,,,,12.62,,,-255.48
canara-bank,2020,,,,4.19,,,-130.52
canara-bank,2021,,,,59.37,,,-1172.28
canara-bank,2022,,,,6.35,,,-99.54
canara-bank,2023,,,,9.68,,,-15272.09
canara-bank,2024,,,,10.83,,,-135.04
canara-bank,2025,,,,12.83,,,320.56
canara-bank,2026,,,,11.91,,,-88.68
castrol,2004,,,,,,,
castrol,2005,,,,,2.33,15.18,-31.86
castrol,2006,,,,,4.8,5.23,-15.41
castrol,2007,,,,,52.66,41.39,280.42
castrol,2008,,,,,24.14,20.12,-54.69
castrol,2009,,,,,48.88,45.24,250.1
castrol,2010,,,,,24.2,28.86,-9.05
castrol,2011,,,,,-9.21,-2.04,-31.54
castrol,2012,,,,,-7.54,-6.99,32.48
castrol,2013,,,,,14.07,13.67,-15.08
castrol,2014,,,,,0.11,-6.69,38.13
castrol,2015,,,,,25.76,29.65,35.14
castrol,2016,,,,,12.15,9.7,-10.36
castrol,2017,,,,,2.89,2.5,-8.15
castrol,2018,,,,,2.79,2.39,-9.81
castrol,2019,,,,,6.71,16.8,60.06
castrol,2020,,,,,-32.85,-29.54,1.51
castrol,2021,,,,,35.16,30.05,-29.41
castrol,2022,,,,,4.72,7.53,45.33
castrol,2023,,,,,7.36,6.01,-6.86
castrol,2024,,,,,6.59,7.3,22.4
castrol,2024,,,,,0.0,0.0,0.0
castrol,2024,,,,,0.0,0.0,0.0
castrol,2024,,,,,0.0,0.0,0.0
castrol,2025,,,,,3.89,2.45,4.41
cg-consumer,2015,,,,,,,
cg-consumer,2016,49701.75,,-12667.03,158847.12,-6718.18,-5725.13,
cg-consumer,2017,12.02,25.26,126.37,27.84,148.88,169.2,77.88
cg-consumer,2018,2.5,0.11,52.49,14.75,10.05,14.34,0.91
cg-consumer,2019,-3.92,-46.15,39.14,10.1,10.51,24.32,-4.43
cg-consumer,2020,-18.78,-48.54,33.62,2.78,-0.49,22.9,39.69
cg-consumer,2021,28.88,66.25,30.74,29.88,18.41,22.24,93.54
cg-consumer,2022,74.51,420.52,27.97,49.45,6.45,-1.86,-10.4
cg-consumer,2023,-19.64,-40.71,15.61,-3.39,-13.36,-19.87,-41.82
cg-consumer,2024,2.7,-35.05,12.91,8.33,0.14,-1.92,87.38
cg-consumer,2025,-1.38,-49.95,12.43,6.57,17.92,20.74,-10.04
cg-consumer,2026,5.46,-100.0,-11.82,-5.02,-115.11,-143.2,-10.98
chambal-fert,2004,,,,,,,
chambal-fert,2005,2.27,-9.05,12.08,2.93,0.27,76.52,-9.89
chambal-fert,2006,-10.9,-14.49,15.31,-4.82,11.1,-7.94,61.12
chambal-fert,2007,58.07,137.57,6.34,34.08,-2.65,-25.6,-115.78
chambal-fert,2008,-3.59,-5.31,11.36,-0.25,-1.87,34.85,-673.27
chambal-fert,2009,65.9,34.73,8.44,45.18,60.43,13.13,110.03
chambal-fert,2010,-17.65,8.12,12.61,-11.55,-9.22,8.02,-115.18
chambal-fert,2011,-2.94,-10.45,16.78,2.93,12.81,30.57,-490.85
chambal-fert,2012,42.49,43.7,9.57,31.38,13.55,-23.95,-200.77
chambal-fert,2013,41.99,44.92,11.98,33.55,-3.13,23.58,112.36
chambal-fert,2014,-13.32,-11.45,9.76,-7.87,-24.57,-0.83,-167.94
chambal-fert,2015,-11.29,-15.26,5.92,-6.46,10.21,-21.87,14.49
chambal-fert,2016,15.89,22.46,-4.73,9.33,-45.03,-104.7,-102.77
chambal-fert,2017,-4.07,-7.39,14.92,1.19,194.54,-3915.98,-4781.3
chambal-fert,2018,18.9,35.09,14.33,17.46,4.98,12.95,-6.9
chambal-fert,2019,61.81,46.1,11.8,46.48,24.87,13.56,-199.31
chambal-fert,2020,0.44,8.71,20.84,5.21,83.89,124.53,-172.96
chambal-fert,2021,-53.67,-56.8,35.15,-29.8,32.02,10.02,724.89
chambal-fert,2022,38.38,10.45,16.84,27.24,-9.87,-4.45,-100.47
chambal-fert,2023,-17.45,-23.39,11.21,-3.83,-22.91,-16.92,-10066.61
chambal-fert,2024,-26.02,-45.54,3.59,-9.75,14.45,24.51,2.69
chambal-fert,2025,-37.36,-100.0,19.81,-1.3,24.42,24.44,-58.09
chambal-fert,2026,50.11,,19.37,26.57,8.18,17.68,-90.06
chennai-petro,2004,,,,,,,
chennai-petro,2005,,,,,69.43,49.22,
chennai-petro,2006,,,,,-14.1,-19.43,
chennai-petro,2007,,,,,15.69,17.53,
chennai-petro,2008,,,,,76.05,98.66,
chennai-petro,2009,,,,,-92.62,-135.38,
chennai-petro,2010,,,,,363.42,-251.84,
chennai-petro,2011,,,,,51.08,-15.2,
chennai-petro,2012,,,,,-97.16,-87.91,
chennai-petro,2013,,,,,-4823.57,-2957.58,
chennai-petro,2014,70.84,50.45,69.37,70.43,-116.74,-82.8,
chennai-petro,2015,-2.34,-6.18,58.81,14.4,-279.03,-87.17,
chennai-petro,2016,39.11,74.9,8.3,27.42,-386.11,-2002.72,
chennai-petro,2017,4.03,35.8,11.06,6.3,48.77,38.8,
chennai-petro,2018,2.12,-36.61,62.92,22.68,8.92,-11.34,
chennai-petro,2019,46.94,6.4,5.89,28.49,-96.38,-123.37,
chennai-petro,2020,-5.57,-6.41,5.77,-1.36,-4355.83,873.74,
chennai-petro,2021,-4.93,10.4,8.67,0.46,-157.6,-111.43,
chennai-petro,2022,-9.94,-18.76,14.97,0.75,43.74,465.09,
chennai-petro,2023,12.17,-23.66,17.47,14.78,130.76,163.24,
chennai-petro,2024,0.5,-16.67,19.46,10.01,-24.47,-23.28,
chennai-petro,2025,30.83,104.89,19.29,24.53,-89.43,-93.6,
chennai-petro,2026,35.93,36.23,20.81,28.05,913.72,1664.45,
coforge,2004,,,,,,,
coforge,2005,-14.0,-5.92,32.72,-0.69,111.88,127.5,-670.08
coforge,2006,-7.47,-18.78,19.06,9.06,61.52,48.76,-19.84
coforge,2007,5.89,-39.1,36.82,26.92,73.86,85.08,56.29
coforge,2008,55.27,-37.51,30.57,37.16,-2.29,29.3,7.42
coforge,2009,84.17,-94.78,-22.62,9.67,-34.04,-38.16,-6.68
coforge,2010,-55.86,4.6,58.3,0.35,64.66,7.42,-21.72
coforge,2011,14.31,202.2,22.22,20.45,1.85,29.64,-64.98
coforge,2012,36.92,106.91,9.59,15.38,22.01,-8.21,327.89
coforge,2013,16.0,-2.46,20.71,19.52,43.4,48.39,21.13
coforge,2014,18.16,375.5,20.89,20.23,1.51,24.15,-64.41
coforge,2015,48.45,-6.71,9.86,19.11,-24.59,-29.18,341.43
coforge,2016,-12.05,-75.83,12.53,5.18,24.61,31.45,68.18
coforge,2017,-28.33,300.0,16.71,5.45,-10.94,-15.0,-41.13
coforge,2018,13.46,-26.89,10.04,10.62,0.48,37.17,-15.57
coforge,2019,-9.29,-44.25,15.6,11.27,32.38,32.18,-3.02
coforge,2020,31.51,-53.61,15.92,18.13,-5.01,41.3,16.16
coforge,2021,19.84,-93.33,-8.61,-4.11,-12.78,-43.22,112.81
coforge,2022,132.75,112133.33,22.21,44.06,86.71,168.65,-19.86
coforge,2023,12.37,0.45,18.55,16.58,-14.41,13.65,-80.5
coforge,2024,0.84,0.5,26.65,18.71,29.96,35.4,289.58
coforge,2025,39.97,31.48,73.14,64.47,-39.65,-46.81,29.97
coforge,2026,90.41,-69.93,47.41,56.98,136.03,164.09,106.02
container-corp,2004,,,,,,,
container-corp,2005,-1.37,-11.59,23.35,17.63,23.26,16.6,10.9
container-corp,2006,24.4,-100.0,23.1,23.35,9.31,22.68,6.92
container-corp,2007,22.83,,25.76,25.19,29.84,33.86,32.96
container-corp,2008,15.66,,21.07,20.03,-1.73,6.88,-1.29
container-corp,2009,14.13,,18.16,17.42,3.97,5.18,12.02
container-corp,2010,3.52,,15.26,13.15,1.43,-0.57,-21.2
container-corp,2011,-8.58,,14.79,10.95,4.14,11.35,8.67
container-corp,2012,14.31,,12.63,12.86,0.49,0.22,6.7
container-corp,2013,8.8,,12.03,11.59,1.11,7.08,24.91
container-corp,2014,11.75,,11.21,11.28,4.31,4.76,-16.86
container-corp,2015,-2.7,,9.31,7.7,1.24,6.38,44.73
container-corp,2016,2.83,,9.3,8.51,7.23,-9.23,-194.48
container-corp,2017,0.96,,6.0,5.42,-9.65,-9.76,-277.75
container-corp,2018,21.73,,5.96,7.7,21.02,21.73,-100.0
container-corp,2019,68.06,,10.61,17.76,25.13,16.37,
container-corp,2020,-32.91,-100.0,-2.92,-8.25,-79.32,-69.08,-314.66
container-corp,2021,32.54,,1.38,5.43,52.54,33.94,-76.01
container-corp,2022,1.69,,5.62,4.98,180.29,111.06,30.88
container-corp,2023,0.56,,4.34,3.74,7.36,10.05,3.13
container-corp,2024,0.83,,5.05,4.4,2.71,5.28,-0.96
container-corp,2025,-5.97,,4.55,2.99,-1.45,3.35,21.62
container-corp,2026,7.58,,4.37,4.81,1.65,-3.94,-11.84
cyient,2004,,,,,,,
cyient,2005,49.19,60.0,13.63,17.83,94.86,82.72,56.81
cyient,2006,28.62,-4.17,21.68,22.72,31.54,27.21,3.27
cyient,2007,90.9,6495.65,29.21,38.88,94.28,129.21,124.67
cyient,2008,46.36,150.82,128.84,111.07,-16.17,-9.98,-22.55
cyient,2009,56.28,-50.93,10.27,17.15,66.58,21.0,105.51
cyient,2010,-4.22,-100.0,16.51,12.38,18.75,78.89,20.77
cyient,2011,-29.88,,12.95,5.68,-6.86,-7.01,-56.14
cyient,2012,40.62,,13.99,16.99,66.9,34.54,96.56
cyient,2013,33.83,,12.72,15.62,32.01,16.23,28.11
cyient,2014,6.97,,18.79,16.91,24.65,38.28,0.76
cyient,2015,12.11,,14.06,13.77,-13.89,6.37,48.44
cyient,2016,-6.4,,6.48,4.66,-27.67,-13.91,20.62
cyient,2017,15.4,,11.84,12.28,18.36,1.48,-8.58
cyient,2018,20.85,,9.52,10.99,62.28,69.61,1.78
cyient,2019,1.15,,8.49,7.45,13.73,9.68,-4.92
cyient,2020,67.17,,-6.18,3.59,-41.5,-43.73,49.93
cyient,2021,11.59,,14.24,13.7,10.97,12.14,89.62
cyient,2022,-8.35,,8.41,4.85,68.6,104.64,-53.52
cyient,2023,18.3,,4.01,6.64,-4.66,-37.66,-11.94
cyient,2024,1.06,,8.56,7.03,51.73,40.16,16.31
cyient,2025,-26.81,,28.37,17.72,109.99,126.14,4.73
cyient,2026,30.99,,-4.7,-0.42,-87.3,-86.25,212.87
dcm-shriram,2004,,,,,,,
dcm-shriram,2005,42.68,51.45,19.42,35.65,39.71,36.19,-75.24
dcm-shriram,2006,47.9,53.6,17.89,39.92,19.15,10.3,166.06
dcm-shriram,2007,43.6,42.52,5.84,35.14,-41.38,-60.23,52.69
dcm-shriram,2008,-5.14,15.61,107.55,14.64,-37.07,1364.72,-263.48
dcm-shriram,2009,11.9,11.59,7.53,10.51,187.06,-84.83,-175.44
dcm-shriram,2010,-17.32,-29.95,4.53,-10.57,-25.94,-29.97,186.24
dcm-shriram,2011,11.67,10.14,-1.99,6.73,-79.11,-143.01,-107.13
dcm-shriram,2012,29.49,6.76,-1.74,19.12,225.7,-53.49,-652.87
dcm-shriram,2013,-3.06,-16.18,12.96,1.33,182.24,-1436.19,-10.97
dcm-shriram,2014,-2.93,-26.36,19.5,3.92,29.38,44.15,257.59
dcm-shriram,2015,-19.58,-37.34,10.96,-8.86,-22.88,-11.92,-81.01
dcm-shriram,2016,15.01,56.91,15.07,15.04,43.31,45.91,-31.08
dcm-shriram,2017,4.8,-0.06,18.86,10.81,37.32,47.9,516.33
dcm-shriram,2018,-14.12,-32.48,20.86,1.92,48.24,31.87,2.68
dcm-shriram,2019,38.88,123.06,15.72,26.29,34.02,31.72,-1.53
dcm-shriram,2020,12.86,38.52,15.55,14.2,-18.91,-17.99,-37.26
dcm-shriram,2021,-23.82,-36.96,14.31,-4.6,-7.57,-10.92,272.65
dcm-shriram,2022,22.64,16.74,17.76,19.69,68.6,58.31,-35.75
dcm-shriram,2023,17.68,8.63,13.44,15.16,-13.0,-8.32,8.8
dcm-shriram,2024,11.54,27.13,4.91,7.66,-50.46,-55.67,-40.17
dcm-shriram,2025,14.23,15.57,6.76,9.97,31.54,32.91,40.3
dcm-shriram,2026,10.38,15.96,9.76,10.03,7.85,47.84,10.65
deepak-fert,2004,,,,,,,
deepak-fert,2005,-40.82,-31.17,10.89,-14.42,-1.6,14.42,1.74
deepak-fert,2006,45.87,93.81,9.42,21.76,-24.36,0.03,-44.11
deepak-fert,2007,45.56,84.75,10.77,24.88,45.08,16.52,7.0
deepak-fert,2008,17.17,7.4,9.97,13.37,29.8,8.12,137.6
deepak-fert,2009,42.62,73.95,14.93,28.45,89.07,48.3,10.44
deepak-fert,2010,8.72,20.31,15.85,11.99,-14.47,15.7,25.32
deepak-fert,2011,13.42,4.78,14.59,13.97,25.68,8.47,5.5
deepak-fert,2012,18.17,1.71,14.76,16.55,18.49,14.12,-55.09
deepak-fert,2013,18.66,30.71,7.42,13.39,-30.71,-31.02,143.79
deepak-fert,2014,1.37,-19.33,13.46,6.74,76.54,66.01,66.31
deepak-fert,2015,16.23,36.74,2.26,9.64,-53.85,-67.87,-117.62
deepak-fert,2016,48.19,66.74,3.07,28.32,-52.41,52.94,36.07
deepak-fert,2017,-38.41,-42.41,-0.38,-24.96,104.27,-24.64,-92.65
deepak-fert,2018,15.14,26.81,3.2,9.54,-22.77,25.02,2902.33
deepak-fert,2019,-30.76,-50.74,-0.62,-17.43,-49.9,-92.98,-478.68
deepak-fert,2020,-6.72,14.22,2.01,-2.07,-41.74,287.75,-104.05
deepak-fert,2021,-4.96,-15.27,22.76,10.41,693.36,580.53,-1459.65
deepak-fert,2022,-15.35,-14.97,35.59,16.06,-21.07,-5.36,-14.3
deepak-fert,2023,-19.44,-38.98,9.84,1.65,24.34,47.31,-36.94
deepak-fert,2024,-2.91,-2.9,6.03,4.05,-17.43,7.56,-50.93
deepak-fert,2025,16.83,18.55,9.69,11.17,20.01,31.79,108.22
deepak-fert,2026,41.44,106.18,5.1,13.0,-44.55,-34.81,23.98
dhampur-sugar,2004,,,,,,,
dhampur-sugar,2005,13.01,-4.74,13.9,14.48,110.25,483.65,53.53
dhampur-sugar,2006,-8.6,-11.57,303.81,46.35,-8.89,89.73,49.04
dhampur-sugar,2007,93.1,115.71,-12.6,40.3,-150.13,-157.22,-111.59
dhampur-sugar,2008,12.52,35.43,8.61,11.41,-245.59,-105.96,7.21
dhampur-sugar,2009,10.19,-18.74,11.68,10.62,93.33,1460.83,-2472.42
dhampur-sugar,2011,19.28,5.58,2.07,14.13,-14.94,-84.55,-81.2
dhampur-sugar,2012,10.13,13.87,-4.64,6.23,20.53,228.8,-19.76
dhampur-sugar,2013,39.22,47.31,0.39,30.0,7.58,-20.25,-387.84
dhampur-sugar,2014,5.24,-6.68,-8.28,2.76,-62.19,-431.15,-424.91
dhampur-sugar,2015,13.98,21.09,-3.93,11.05,68.08,-86.25,-116.22
dhampur-sugar,2016,-5.12,0.6,68.26,5.27,87.26,-408.4,-308.89
dhampur-sugar,2017,-2.25,21.88,26.13,4.17,171.33,635.12,-130.53
dhampur-sugar,2018,-12.74,-24.78,11.53,-6.09,-34.23,-33.09,-1711.79
dhampur-sugar,2019,22.68,23.51,22.34,22.57,28.45,62.23,-121.78
dhampur-sugar,2020,-4.51,-2.07,10.62,0.4,-30.6,-17.1,-303.21
dhampur-sugar,2021,-22.7,-36.96,13.66,-9.69,34.65,3.54,146.34
dhampur-sugar,2022,-33.1,-14.71,-43.15,-37.63,-33.77,-32.86,-100.42
dhampur-sugar,2023,-15.67,-17.43,16.92,-2.29,0.01,2.28,-10418.75
dhampur-sugar,2024,16.67,32.68,5.43,11.15,-15.65,-11.57,-112.73
dhampur-sugar,2025,-1.55,-5.51,4.75,1.39,-48.45,-60.76,-513.3
dhampur-sugar,2026,-1.2,-3.42,3.82,1.22,3.54,22.86,21.9
dixon-technolog,2012,,,,,,,
dixon-technolog,2013,-1.97,-26.09,3.67,-0.67,-1758.73,-132.33,894.25
dixon-technolog,2014,-0.82,0.22,15.83,3.18,81.24,468.39,-85.97
dixon-technolog,2015,3.17,-21.17,12.75,5.76,-7.92,-10.57,565.07
dixon-technolog,2016,6.33,6.98,39.05,15.74,170.07,271.05,-35.62
dixon-technolog,2017,43.8,-36.56,67.64,52.04,58.51,20.14,77.38
dixon-technolog,2018,18.14,-5.38,60.04,34.11,22.49,30.37,33.19
dixon-technolog,2019,104.03,231.13,18.51,65.14,13.97,-1.12,-119.22
dixon-technolog,2020,22.04,-46.09,42.8,28.81,61.48,96.2,-2117.46
dixon-technolog,2021,89.24,75.92,36.6,70.2,36.46,37.41,-33.63
dixon-technolog,2022,5.06,92.59,31.31,12.68,-0.77,-0.66,35.61
dixon-technolog,2023,-13.19,-66.55,26.47,0.23,32.95,39.87,88.78
dixon-technolog,2024,-8.08,27.21,19.54,3.71,-17.11,-12.07,-40.83
dixon-technolog,2025,-9.84,68.91,56.55,22.83,164.94,204.8,16.41
dixon-technolog,2026,-17.56,-2.52,48.39,23.8,-78.89,34.2,-137.18
dlf,2004,,,,,,,
dlf,2005,70.1,12.83,-17.59,45.02,5.37,159.59,-400.34
dlf,2006,121.38,376.06,67.98,112.7,382.82,237.55,-111.69
dlf,2007,140.87,124.6,1.22,122.95,103.64,78.06,3981.46
dlf,2008,15.36,23.89,1626.28,109.21,400.62,532.72,-42.68
dlf,2009,4.93,14.65,9.81,7.28,-48.26,-38.73,-190.71
dlf,2010,26.21,31.44,3.68,15.12,-51.06,-51.5,-71.06
dlf,2011,29.98,6.28,7.64,20.08,111.78,65.95,278.86
dlf,2012,2.94,-10.85,4.97,3.75,23.19,-17.94,-72.01
dlf,2013,3.57,-7.3,0.81,2.46,-36.67,-51.86,-117.65
dlf,2014,-6.31,-12.95,13.89,1.67,-38.65,5.04,-2284.99
dlf,2015,-10.4,9.65,3.52,-4.23,102.52,78.44,-102.25
dlf,2016,-17.53,-20.64,-18.06,-17.78,25.68,59.2,-2435.55
dlf,2017,-9.64,-7.63,4.15,-3.06,-27.4,-60.14,-181.96
dlf,2018,-31.94,-53.06,3.27,14.88,-41.95,-38.78,-105.38
dlf,2019,47.97,-7.32,33.39,12.77,33.02,88.27,1649.2
dlf,2020,9.12,34.16,32.33,13.48,43.09,229.32,-101.8
dlf,2021,-19.33,-4.85,3.28,-4.96,-9.09,-52.48,-7864.74
dlf,2022,-18.6,-14.51,-1.64,-6.88,6.11,24.11,102.94
dlf,2023,-15.94,-17.06,5.78,-0.09,23.75,73.05,-14.11
dlf,2024,9.53,8.53,0.91,2.87,-47.59,-45.85,-31.58
dlf,2025,54.11,-3.27,1.18,13.99,-8.73,26.28,330.68
dlf,2026,27.07,-100.0,7.42,13.85,110.27,137.21,29.37
eid-parry,2004,,,,,,,
eid-parry,2005,-12.04,-17.28,23.0,3.39,170.26,141.18,76.87
eid-parry,2006,32.4,37.68,16.17,23.9,26.85,11.11,-9.61
eid-parry,2007,31.44,42.21,10.14,20.98,-87.11,10.0,-59.34
eid-parry,2008,27.7,65.08,-4.57,13.27,-682.45,-113.01,-356.88
eid-parry,2009,7.66,-7.42,89.27,38.41,-130.6,-4273.46,-176.43
eid-parry,2010,13.19,6.87,13.1,13.15,503.39,-70.33,197.32
eid-parry,2011,-9.74,2.23,4.92,-2.19,-137.48,-61.39,-150.14
eid-parry,2012,31.64,34.28,5.86,17.39,-158.58,73.25,-93.56
eid-parry,2013,86.48,118.19,10.61,48.69,1196.35,141.56,1215.33
eid-parry,2014,11.46,3.67,-5.01,5.36,-99.01,-92.0,-258.73
eid-parry,2015,-0.92,-10.31,7.02,1.73,2577.32,458.8,100.88
eid-parry,2016,-13.54,-49.48,-5.73,-10.8,-136.59,-144.82,190.41
eid-parry,2017,-9.91,-7.3,14.46,-0.85,-715.76,-526.8,-39.02
eid-parry,2018,22.16,-5.72,10.88,17.32,-114.1,-64.38,-103.72
eid-parry,2019,-8.53,2.81,4.6,-3.21,232.09,61.5,-79.94
eid-parry,2020,7.49,24.07,0.01,4.22,-77.12,-98.88,302.07
eid-parry,2021,-28.91,-51.9,51.37,4.83,-3154.29,47160.11,138.3
eid-parry,2022,-21.74,-75.98,6.4,-4.66,-89.28,-67.22,-1283.06
eid-parry,2023,-16.1,387.2,4.42,-2.2,-72.57,-30.57,-183.56
eid-parry,2024,58.35,104.53,1.29,17.09,-188.45,-45.59,-78.8
eid-parry,2025,6.89,16.56,-13.0,-5.56,3112.26,-499.94,-7.44
eid-parry,2026,36.29,10.34,-26.26,0.25,65.77,65.37,-112.12
embassy-office,2019,,,,,,,
embassy-office,2020,548.06,,-3.76,10.42,-8121.27,-5194.18,-1680.95
embassy-office,2021,114.25,113.54,20.53,34.66,20.89,-7.05,-33.05
embassy-office,2022,-10.45,-10.6,-2.84,-4.67,116.33,199.42,20.37
embassy-office,2023,26.53,27.07,-2.89,3.74,-5.33,-4.52,18.99
embassy-office,2024,-3.51,-3.39,-3.4,-3.43,2.59,-5.65,18.93
embassy-office,2025,-11.71,-11.81,-6.22,-7.73,-33.36,-47.7,-26.59
federal-bank,2011,,,,,,,
federal-bank,2012,,,,17.82,,,-163.14
federal-bank,2013,,,,17.19,,,-459.53
federal-bank,2014,,,,4.99,,,-57.47
federal-bank,2015,,,,11.07,,,321.61
federal-bank,2016,,,,10.36,,,-129.42
federal-bank,2017,,,,25.75,,,-347.29
federal-bank,2018,,,,20.3,,,-225.03
federal-bank,2019,,,,15.2,,,-273.95
federal-bank,2020,,,,13.37,,,-40.23
federal-bank,2021,,,,11.48,,,149.94
federal-bank,2022,,,,9.72,,,-153.23
federal-bank,2023,,,,17.83,,,-144.17
federal-bank,2024,,,,18.43,,,163.2
federal-bank,2025,,,,13.2,,,33.37
federal-bank,2026,,,,11.04,,,-28.7
finolex-cables,2004,,,,,,,
finolex-cables,2005,33.78,-29.75,-7.02,8.41,1899.34,4.09,-87.44
finolex-cables,2006,38.5,77.43,7.05,21.73,66.58,46.9,-264.27
finolex-cables,2007,11.55,13.24,8.2,9.97,83.65,52.63,-740.89
finolex-cables,2008,17.74,8.39,10.59,14.44,27.71,28.89,3.93
finolex-cables,2009,-37.33,2.87,-7.06,-23.83,-50.3,-139.91,137.21
finolex-cables,2010,-0.01,-7.01,7.86,4.27,165.59,-262.38,-59.11
finolex-cables,2011,0.5,-54.12,11.56,6.73,-35.63,50.63,-65.79
finolex-cables,2012,-17.18,22.43,11.56,-0.27,-1.27,13.11,509.75
finolex-cables,2013,15.37,5.0,15.48,15.44,61.73,47.95,-23.8
finolex-cables,2014,-4.01,-21.92,19.37,11.38,31.32,42.96,41.65
finolex-cables,2015,-19.9,-59.55,14.63,4.46,3.9,-4.34,-17.78
finolex-cables,2016,-4.96,-49.75,16.04,11.29,29.08,25.26,62.51
finolex-cables,2017,-14.81,634.45,27.92,19.68,14.75,26.94,-28.51
finolex-cables,2018,-5.54,-5.88,16.86,13.78,17.04,13.4,10.77
finolex-cables,2019,16.72,-99.79,11.2,11.83,8.57,-3.94,-34.63
finolex-cables,2020,-10.98,-10.53,11.43,8.77,-19.46,16.97,100.44
finolex-cables,2021,2.69,-8.82,8.54,7.97,-4.56,-29.71,-62.96
finolex-cables,2022,11.74,0.0,10.61,10.71,19.13,43.03,313.61
finolex-cables,2023,11.07,-9.68,13.66,13.42,19.35,24.01,-24.68
finolex-cables,2024,12.94,214.29,13.38,13.34,19.52,13.92,61.91
finolex-cables,2025,11.72,-1.14,9.35,9.57,-12.9,-4.76,-64.08
finolex-cables,2026,17.4,572.41,10.86,11.47,22.06,14.41,-76.32
gateway-distri,2011,,,,,,,
gateway-distri,2012,748.31,65.27,30.84,2.19,188.8,-669.92,-223.98
gateway-distri,2013,-9.63,-3.79,4.79,7.42,14.54,23.09,-0.18
gateway-distri,2014,0.98,2.5,8.52,6.38,64.85,86.46,57.26
gateway-distri,2015,-5.35,-2.01,15.64,14.1,96.39,100.98,25.58
gateway-distri,2016,-26.66,-19.31,7.9,12.95,-23.49,-42.15,5.79
gateway-distri,2017,-392.56,-257.56,-13.24,13.83,-13.59,-34.25,-12.63
gateway-distri,2018,-44.85,-60.19,10.34,-12.24,28.49,108.47,18.56
gateway-distri,2019,-7.02,-21.34,-15.93,-13.64,38.03,33.83,30.48
gateway-distri,2020,40.34,-22.32,5.26,14.97,-31.11,-18.02,-15.4
gateway-distri,2021,4.39,15.43,-0.37,1.24,36.22,29.14,17.7
gateway-distri,2022,101.1,340.14,129.59,119.66,76.24,90.84,89.82
gateway-distri,2023,-12.63,-17.74,8.45,1.73,7.17,4.86,-12.03
gateway-distri,2024,1.46,-21.43,8.33,6.45,4.29,4.04,-2.06
gateway-distri,2025,-8.53,-27.16,7.35,3.2,-4.39,-2.73,7.47
gateway-distri,2026,-8.05,-26.39,5.24,2.16,16.88,12.45,5.61
gmdc,2004,,,,,,,
gmdc,2005,37.1,41.24,12.49,27.05,53.91,27.73,-145.37
gmdc,2006,6.36,-2.78,1.76,4.7,-77.06,-65.91,-1249.72
gmdc,2007,28.84,-11.43,7.33,21.28,337.03,168.0,32.95
gmdc,2008,-7.53,-30.79,26.58,3.08,158.13,179.38,91.37
gmdc,2009,-2.78,-27.96,14.79,3.93,-8.88,-12.32,-47.14
gmdc,2010,-4.45,-54.85,15.33,3.9,0.82,20.94,123.89
gmdc,2011,-39.29,-75.9,18.8,-12.08,45.17,34.01,-29.78
gmdc,2012,20.7,-100.0,22.52,21.85,16.26,29.8,44.64
gmdc,2013,2.25,,23.91,16.03,14.71,23.42,-60.87
gmdc,2014,-9.46,,12.92,5.75,-34.2,-26.91,30.2
gmdc,2015,-13.13,,13.24,6.01,-21.93,13.94,-64.69
gmdc,2016,10.77,,3.86,5.41,-49.96,-52.04,105.51
gmdc,2017,6.85,,17.88,15.27,104.91,35.52,119.97
gmdc,2018,-6.68,,10.89,7.04,35.55,31.68,-28.93
gmdc,2019,-14.67,,-2.62,-4.92,-46.8,-67.59,-68.35
gmdc,2020,8.47,,-5.19,-2.85,-87.17,4.55,-94.58
gmdc,2021,-3.53,,-1.53,-1.92,-1464.15,-127.89,2591.02
gmdc,2022,23.86,,18.26,19.31,-242.47,-1098.96,-242.51
gmdc,2023,-2.28,,21.73,17.04,131.86,199.91,-537.2
gmdc,2024,11.39,,5.45,6.42,-66.63,-49.39,-88.22
gmdc,2025,7.04,,4.94,5.3,-0.54,12.1,865.52
gmdc,2026,42.73,151.28,10.91,16.43,62.31,44.04,-29.97
gnfc,2004,,,,,,,
gnfc,2005,3.46,-11.82,19.56,9.54,49.94,91.62,-76.27
gnfc,2006,-3.19,-45.43,23.46,7.79,29.89,31.56,277.18
gnfc,2007,-14.11,29.09,33.41,8.31,17.51,10.77,-41.6
gnfc,2008,-8.26,-10.83,17.51,6.72,15.76,14.22,114.62
gnfc,2009,91.56,13.52,9.12,38.8,-36.27,-38.98,-22.85
gnfc,2010,17.36,55.96,3.22,10.25,-29.62,-45.57,156.77
gnfc,2011,-15.39,64.97,10.0,-3.43,6.34,115.22,-90.83
gnfc,2012,61.13,36.6,9.65,33.5,63.18,6.49,173.25
gnfc,2013,35.3,126.31,8.35,23.42,5.65,-3.78,-174.07
gnfc,2014,19.41,18.35,8.41,32.01,5.95,7.02,-106.93
gnfc,2015,-5.03,-5.24,-15.8,-8.43,-148.67,-254.68,4995.4
gnfc,2016,-13.94,-22.4,7.62,-6.47,-256.5,-150.07,81.16
gnfc,2017,-2.39,-34.77,42.43,-0.46,93.28,130.3,41.17
gnfc,2018,-33.79,-85.71,17.27,-9.23,61.49,51.45,25.84
gnfc,2019,-6.29,-9.42,12.09,5.13,-45.97,-6.12,-70.24
gnfc,2020,22.59,312.95,4.51,10.61,-54.17,-32.69,-47.2
gnfc,2021,-25.73,-99.75,14.57,-0.5,163.55,38.16,559.48
gnfc,2022,17.75,-96.76,32.01,28.03,186.18,147.2,4.37
gnfc,2023,-5.04,-85.71,14.02,9.13,-24.69,-14.07,-30.18
gnfc,2024,-8.78,5500.0,-8.98,-8.93,-87.66,-66.89,-97.72
gnfc,2025,2.73,17607.14,3.11,3.02,60.66,20.78,1834.72
gnfc,2026,-7.56,-100.0,6.25,3.17,83.12,36.12,8.07
godrej-prop,2005,,,,,,,
godrej-prop,2006,25.51,-82.71,15.03,22.54,86.2,127.69,91.49
godrej-prop,2007,179.69,1615.97,22.28,137.73,122.59,211.19,-232.14
godrej-prop,2008,98.63,91.88,313.93,128.14,138.83,50.66,181.54
godrej-prop,2009,-26.88,77.71,23.15,-14.44,-47.5,18.06,-15.17
godrej-prop,2010,15.56,1.76,173.44,72.07,-86.57,64.97,63.22
godrej-prop,2011,79.04,78.72,8.54,38.94,527.07,-12.73,77.5
godrej-prop,2012,33.72,37.63,58.14,44.57,49.56,-23.35,-17.26
godrej-prop,2013,-5.2,-31.03,-2.52,-3.9,195.56,167.31,-126.63
godrej-prop,2014,69.97,97.02,31.21,50.86,-51.52,-55.1,-471.6
godrej-prop,2015,11.6,24.41,7.16,9.69,-11.54,31.0,-4.55
godrej-prop,2016,16.1,38.98,9.55,13.36,-102.47,-76.26,26.63
godrej-prop,2017,33.29,33.36,-5.3,17.66,-8277.14,547.05,-46.43
godrej-prop,2018,10.93,5.63,12.15,11.33,-64.12,22.56,-279.41
godrej-prop,2019,12.09,-5.05,19.05,14.38,6.68,-13.08,-75.53
godrej-prop,2020,-6.3,-8.87,92.17,27.34,380.29,83.5,-47.73
godrej-prop,2021,28.94,40.86,71.48,50.87,-195.86,-111.14,-858.73
godrej-prop,2022,10.21,14.55,6.04,7.77,-121.9,-1328.64,-104.44
godrej-prop,2023,46.61,23.8,7.12,23.84,53.46,24.66,-8538.57
godrej-prop,2024,74.07,57.6,5.7,39.97,-184.88,-13.93,-109.48
godrej-prop,2025,52.31,18.65,65.94,57.44,274.78,79.15,-1079.24
godrej-prop,2026,45.8,25.06,2.0,28.41,154.25,-65.5,-3.91
graphite-india,2004,,,,,,,
graphite-india,2005,38.88,59.38,8.5,22.04,-7.34,-6.47,-56.75
graphite-india,2006,75.77,102.93,9.58,43.15,45.21,31.15,-139.58
graphite-india,2007,13.52,10.83,30.88,20.07,55.53,207.97,-294.15
graphite-india,2008,-2.58,-18.69,17.46,5.66,45.6,-31.06,251.51
graphite-india,2009,-16.04,-25.54,45.35,12.28,27.34,44.83,120.18
graphite-india,2010,-17.49,-29.24,16.67,2.53,28.01,19.94,-28.08
graphite-india,2011,14.04,6.38,18.59,17.1,-32.81,-25.78,-110.39
graphite-india,2012,36.2,74.12,11.29,19.21,30.09,38.05,-258.56
graphite-india,2013,18.92,22.94,5.32,10.26,-23.82,-31.45,-63.77
graphite-india,2014,-16.66,-46.97,5.53,-3.17,0.79,4.81,5310.41
graphite-india,2015,-21.48,-38.31,1.02,-6.57,-51.91,-51.91,-69.02
graphite-india,2016,-20.03,-3.12,1.34,-4.72,-1.14,0.23,62.6
graphite-india,2017,-0.72,-29.51,4.2,3.03,-68.96,36.3,-11.49
graphite-india,2018,62.32,22.45,40.5,45.5,3736.99,713.71,181.28
graphite-india,2019,44.24,131.56,78.85,70.0,213.54,207.1,151.56
graphite-india,2020,-35.5,15.58,-18.12,-21.89,-103.38,-98.88,-90.31
graphite-india,2021,-5.7,-46.25,5.18,3.23,-79.38,536.2,269.15
graphite-india,2022,50.59,53.87,11.95,18.28,-1771.82,188.08,-130.49
graphite-india,2023,17.54,-2.48,3.45,6.39,-26.34,-39.04,-41.52
graphite-india,2024,-24.05,-71.47,15.17,6.14,127.51,149.07,-734.36
graphite-india,2025,17.05,-11.12,4.41,6.49,-81.28,-48.12,-24.23
graphite-india,2026,27.99,198.79,0.94,5.84,31.82,-41.5,-80.97
greenpanel-ind,2018,,,,,,,
greenpanel-ind,2019,,,1360640.0,2969540.0,-66180.0,-88360.0,-54180.0
greenpanel-ind,2020,-1.1,0.89,2.43,0.52,78.81,-63.29,274.41
greenpanel-ind,2021,-11.82,-26.07,10.99,-1.17,138.57,370.19,49.39
greenpanel-ind,2022,-17.75,-24.12,27.63,6.04,148.35,206.37,138.16
greenpanel-ind,2023,-12.79,-32.58,21.7,8.97,-9.37,-1.46,-5.82
greenpanel-ind,2024,13.99,40.71,9.64,10.92,-44.93,-41.19,-60.35
greenpanel-ind,2025,30.88,45.47,5.17,12.97,-69.21,-46.68,-42.16
greenpanel-ind,2026,-7.95,-9.55,-2.11,-4.16,-140.06,-140.4,42.88
greenply-ind,2004,,,,,,,
greenply-ind,2005,8.45,17.19,10.63,9.04,43.13,15.03,80.84
greenply-ind,2006,87.18,59.71,67.35,81.74,76.37,166.86,946.03
greenply-ind,2007,36.95,18.38,63.71,43.94,59.34,59.83,-64.8
greenply-ind,2008,25.52,16.74,36.96,28.6,76.03,71.98,89.84
greenply-ind,2009,37.52,50.77,22.22,32.84,16.95,-3.67,52.77
greenply-ind,2010,55.86,57.91,50.6,54.39,-7.86,32.86,380.71
greenply-ind,2011,15.26,27.2,18.59,16.17,-2.37,-49.38,-92.9
greenply-ind,2012,13.45,15.95,14.97,13.87,70.01,112.87,169.75
greenply-ind,2013,11.31,-11.3,28.44,16.16,71.64,113.74,613.97
greenply-ind,2014,8.67,3.1,22.22,12.9,-2.29,0.27,-3.67
greenply-ind,2015,-41.87,-53.0,-17.0,-33.45,-13.58,6.42,-8.39
greenply-ind,2016,-11.09,-29.21,25.18,4.22,12.57,7.2,26.81
greenply-ind,2017,26.62,105.54,29.9,28.28,4.74,3.43,-8.46
greenply-ind,2018,53.03,66.99,16.27,34.16,-4.79,0.46,-39.34
greenply-ind,2019,-61.39,-79.21,-63.79,-62.46,-48.09,-54.83,-1.22
greenply-ind,2020,-0.97,-0.9,7.73,2.76,-43.95,-46.81,-73.3
greenply-ind,2021,-25.24,-67.44,15.07,-7.11,41.71,77.7,526.59
greenply-ind,2022,3.71,3.8,23.69,14.85,39.12,53.31,-50.2
greenply-ind,2023,-4.67,-57.91,23.9,12.48,-1.08,23.13,24.83
greenply-ind,2024,26.92,176.24,14.88,18.98,-6.76,-14.54,-62.95
greenply-ind,2025,34.58,2.32,14.66,21.84,-24.23,12.43,7.28
greenply-ind,2026,-12.8,-12.93,8.29,-0.13,-6.66,-29.96,91.06
guj-state-petro,2004,,,,,,,
guj-state-petro,2005,16.39,-0.81,77.57,29.95,48.67,1957.69,115.27
guj-state-petro,2006,45.69,33.71,127.83,78.41,81.64,190.84,50.97
guj-state-petro,2007,36.69,51.51,6.44,20.93,44.24,91.47,-34.11
guj-state-petro,2008,38.3,11.72,18.12,29.04,21.36,11.79,261.47
guj-state-petro,2009,14.07,18.95,6.51,10.9,26.69,23.51,-65.04
guj-state-petro,2010,24.21,9.46,28.69,26.02,173.93,235.28,335.19
guj-state-petro,2011,-5.67,-3.06,28.31,8.32,17.71,22.38,-32.58
guj-state-petro,2012,-5.01,-10.1,22.93,8.62,4.33,3.1,32.66
guj-state-petro,2013,15.53,22.26,19.21,17.56,4.09,3.08,-12.62
guj-state-petro,2014,-8.86,-22.58,12.05,2.84,-15.9,-22.11,-6.87
guj-state-petro,2015,-9.05,-14.34,9.96,2.55,-0.84,-2.1,-2.83
guj-state-petro,2016,-2.3,-11.13,9.53,5.44,-7.8,8.31,-3.81
guj-state-petro,2017,-28.6,-36.48,13.29,-0.14,4.11,11.74,56.5
guj-state-petro,2018,190.38,251.07,12.66,53.4,37.17,34.59,-5.22
guj-state-petro,2019,-17.45,-26.94,13.4,0.02,40.08,18.89,21.68
guj-state-petro,2020,-25.75,-57.67,17.04,1.71,1.42,39.52,24.99
guj-state-petro,2021,-23.21,37.81,12.23,2.97,-8.08,-16.64,-8.75
guj-state-petro,2022,-50.92,-88.3,11.9,-0.35,-5.41,9.25,-13.58
guj-state-petro,2023,-9.14,-100.0,9.83,8.01,-11.39,-6.42,-9.91
guj-state-petro,2024,-0.53,,10.75,9.84,23.22,35.95,21.32
guj-state-petro,2025,49.14,,5.0,8.23,-53.69,-37.13,-19.95
guj-state-petro (1),2004,,,,,,,
guj-state-petro (1),2005,16.39,-0.81,77.57,29.95,,,
guj-state-petro (1),2006,45.69,33.71,127.83,78.41,,,
guj-state-petro (1),2007,36.69,51.51,6.44,20.93,,,
guj-state-petro (1),2008,38.3,11.72,18.12,29.04,,,
guj-state-petro (1),2009,14.07,18.95,6.51,10.9,,,
guj-state-petro (1),2010,24.21,9.46,28.69,26.02,,,
guj-state-petro (1),2011,-5.67,-3.06,28.31,8.32,,,
guj-state-petro (1),2012,-5.01,-10.1,22.93,8.62,,,
guj-state-petro (1),2013,15.53,22.26,19.21,17.56,,,
guj-state-petro (1),2014,-8.86,-22.58,12.05,2.84,,,
guj-state-petro (1),2015,-9.05,-14.34,9.96,2.55,,,
guj-state-petro (1),2016,-2.3,-11.13,9.53,5.44,,,
guj-state-petro (1),2017,-28.6,-36.48,13.29,-0.14,,,
guj-state-petro (1),2018,190.38,251.07,12.66,53.4,,,
guj-state-petro (1),2019,-17.45,-26.94,13.4,0.02,,,
guj-state-petro (1),2020,-25.75,-57.67,17.04,1.71,,,
guj-state-petro (1),2021,-23.21,37.81,12.23,2.97,,,
guj-state-petro (1),2022,-50.92,-88.3,11.9,-0.35,,,
guj-state-petro (1),2023,-9.14,-100.0,9.83,8.01,,,
guj-state-petro (1),2024,-0.53,,10.75,9.84,,,
guj-state-petro (1),2025,49.14,,5.0,8.23,,,
gujarat-pipavav,2004,,,,,,,
gujarat-pipavav,2005,28.16,5.98,162.16,42.15,-90.35,-81.32,-100.0
gujarat-pipavav,2005,-0.61,-1.79,-95.57,-18.9,0.0,0.0,
gujarat-pipavav,2005,0.62,1.82,2155.52,23.31,0.0,0.0,
gujarat-pipavav,2005,-0.61,-1.79,-95.57,-18.9,0.0,0.0,
gujarat-pipavav,2005,0.62,1.82,2155.52,23.31,-29.33,36.52,
gujarat-pipavav,2005,-0.61,-1.79,-95.57,-18.9,0.0,0.0,
gujarat-pipavav,2005,0.62,1.82,2155.52,23.31,0.0,0.0,
gujarat-pipavav,2005,-0.61,-1.79,-95.57,-18.9,0.0,0.0,
gujarat-pipavav,2006,29.91,49.86,2539.66,56.34,-8.74,-10.27,
gujarat-pipavav,2007,13.06,5.34,220.09,49.87,184.84,24.14,51.08
gujarat-pipavav,2008,43.65,20.19,-22.0,18.72,12.35,5.87,-137.64
gujarat-pipavav,2009,21.75,46.79,-18.62,11.68,-96.08,37.58,-14.64
gujarat-pipavav,2010,-15.43,-26.79,136.55,12.2,-3648.69,-52.99,-504.41
gujarat-pipavav,2011,-33.15,-15.87,7.76,-17.47,85.79,-204.35,-31.64
gujarat-pipavav,2012,-42.92,-54.7,52.81,5.0,0.79,29.53,331.21
gujarat-pipavav,2013,2.54,-7.22,15.83,12.22,67.37,159.29,10.63
gujarat-pipavav,2015,-56.87,-100.0,27.59,6.64,75.62,101.95,52.95
gujarat-pipavav,2016,130.96,,7.01,19.45,-9.02,-38.89,-12.2
gujarat-pipavav,2017,-28.23,,5.38,-1.14,-8.06,5.6,3.24
gujarat-pipavav,2018,-10.47,,-0.27,-1.71,-13.32,-20.59,-21.76
gujarat-pipavav,2019,17.49,,0.35,2.54,2.05,3.61,-6.0
gujarat-pipavav,2020,-2.12,,3.16,2.38,14.18,42.2,14.83
gujarat-pipavav,2021,20.23,,-2.53,0.67,-8.41,-25.31,13.11
gujarat-pipavav,2022,19.4,,0.01,3.26,-3.46,-11.52,-0.98
gujarat-pipavav,2023,14.15,,2.26,4.56,25.17,50.99,-2.68
gujarat-pipavav,2024,8.45,,0.69,2.33,15.94,21.26,31.03
gujarat-pipavav,2025,-7.24,,1.25,-0.66,13.87,12.82,-8.02
gujarat-pipavav,2026,6.15,,1.72,2.65,30.68,25.35,13.54
happiest-minds,2017,,,,,,,
happiest-minds,2018,56.3,86.98,-5.91,15.54,360.08,-408.49,-59.03
happiest-minds,2019,185.7,32.69,-146.84,14.49,-136.86,-131.42,-1375.76
happiest-minds,2020,-49.41,-43.26,-355.06,23.39,669.6,1686.62,92.74
happiest-minds,2021,48.57,107.62,138.44,78.49,151.74,120.52,33.49
happiest-minds,2022,14.65,30.28,22.51,19.39,30.63,15.16,5.94
happiest-minds,2023,81.68,149.97,23.33,45.59,31.34,16.03,7.86
happiest-minds,2024,-2.17,-7.17,78.42,40.06,-11.99,13.56,10.06
happiest-minds,2025,104.62,149.31,5.32,38.34,-46.33,-31.4,-46.23
happiest-minds,2026,16.14,22.75,5.44,10.7,36.42,32.96,-13.7
havells-india,2004,,,,,,,
havells-india,2005,69.73,71.17,45.9,63.96,46.65,45.66,-176.69
havells-india,2006,11.44,-39.11,102.04,32.17,68.48,107.04,-2097.62
havells-india,2007,-0.15,-50.0,49.96,16.04,46.51,61.6,41.63
havells-india,2008,49.0,-48.23,147.31,94.43,29.97,40.52,-36.13
havells-india,2009,-5.97,143.04,43.59,19.32,4.51,1.18,111.73
havells-india,2010,18.08,72.4,21.69,20.08,59.88,57.1,-24.9
havells-india,2011,43.06,-11.25,18.23,26.49,6.55,6.09,66.53
havells-india,2012,25.23,-4.94,19.95,21.97,32.07,26.18,4.56
havells-india,2013,-4.87,12.05,16.28,7.98,15.62,21.6,5.72
havells-india,2014,28.36,42.9,13.88,18.89,21.62,28.89,72.8
havells-india,2015,0.38,-73.16,11.55,7.38,5.82,-2.87,-7.98
havells-india,2016,6.08,-100.0,11.3,9.48,40.29,53.86,-12.68
havells-india,2017,24.88,,23.8,24.17,-24.63,-24.65,48.36
havells-india,2018,66.17,-45.47,14.22,31.88,42.52,32.18,42.4
havells-india,2019,4.79,-62.5,13.46,9.75,13.23,11.09,-53.73
havells-india,2020,-6.59,-100.0,1.47,-1.83,-22.44,-7.39,60.93
havells-india,2021,33.27,,19.97,25.15,62.62,41.83,-20.23
havells-india,2022,23.54,-19.64,15.96,19.1,13.7,14.92,165.13
havells-india,2023,0.27,-100.0,10.45,6.07,-12.69,-10.03,-67.63
havells-india,2024,10.0,,12.46,11.46,15.3,18.44,246.91
havells-india,2025,9.29,,12.0,10.91,16.13,16.94,-20.34
havells-india,2026,-3.6,,13.75,6.89,-0.61,14.55,1.67
havells-india (1),2004,,,,,,,
havells-india (1),2005,,,,,,,-176.69
havells-india (1),2006,,,,,,,-2097.62
havells-india (1),2007,,,,,,,41.63
havells-india (1),2008,,,,,,,-36.13
havells-india (1),2009,,,,,,,111.73
havells-india (1),2010,,,,,,,-24.9
havells-india (1),2011,,,,,,,66.53
havells-india (1),2012,,,,,,,4.56
havells-india (1),2013,,,,,,,5.72
havells-india (1),2014,,,,,,,72.8
havells-india (1),2015,,,,,,,-7.98
havells-india (1),2016,,,,,,,-12.68
havells-india (1),2017,,,,,,,48.36
havells-india (1),2018,,,,,,,42.4
havells-india (1),2019,,,,,,,-53.73
havells-india (1),2020,,,,,,,60.93
havells-india (1),2021,,,,,,,-20.23
havells-india (1),2022,,,,,,,165.13
havells-india (1),2023,,,,,,,-67.63
havells-india (1),2024,,,,,,,246.91
havells-india (1),2025,,,,,,,-20.34
havells-india (1),2026,,,,,,,1.67
hcl-tech,2004,,,,,,,
hcl-tech,2005,15.17,-1.57,24.83,22.67,29.5,1.09,-55.57
hcl-tech,2006,46.92,-86.16,-9.93,2.26,135.05,93.88,191.28
hcl-tech,2007,28.4,205.61,32.97,31.51,12.88,72.6,28.92
hcl-tech,2008,74.8,-38.05,-6.19,18.22,33.6,-29.15,5.9
hcl-tech,2009,20.62,1928.15,8.55,13.89,12.62,27.75,-44.37
hcl-tech,2010,14.34,172.01,41.46,28.7,0.73,5.91,25.74
hcl-tech,2011,-9.83,-39.36,18.73,6.76,7.83,13.45,105.53
hcl-tech,2012,33.22,-17.53,12.73,19.99,76.09,62.77,42.17
hcl-tech,2013,33.98,-11.98,54.95,46.73,96.67,89.94,93.05
hcl-tech,2014,5.94,-90.78,53.87,36.69,60.76,61.54,47.41
hcl-tech,2015,-9.11,-51.99,23.25,14.21,-3.82,6.04,-13.2
hcl-tech,2016,-7.58,3.56,10.77,6.71,-25.93,-25.64,-40.88
hcl-tech,2017,25.66,9.97,20.82,21.75,51.78,45.64,121.76
hcl-tech,2018,-17.86,6.45,6.12,1.38,14.52,7.11,-9.38
hcl-tech,2019,33.53,-3.03,10.43,14.13,8.24,11.18,36.87
hcl-tech,2020,131.14,400.0,22.53,42.87,18.44,9.58,13.59
hcl-tech,2021,-27.2,29.37,16.78,3.45,7.33,-2.52,59.97
hcl-tech,2022,-8.27,9.18,-2.21,-3.5,7.53,24.37,-32.82
hcl-tech,2023,13.15,-15.49,-3.49,-0.12,10.52,5.38,27.83
hcl-tech,2024,4.74,-72.25,-3.98,-1.97,5.02,1.88,12.88
hcl-tech,2025,36.82,-50.94,-11.48,0.37,6.14,5.07,4.64
hcl-tech,2026,20.0,-61.54,-25.88,-10.53,-47.64,-37.82,-24.15
hdfc-bank,2011,,,,,,,
hdfc-bank,2012,,,,21.83,,,2921.48
hdfc-bank,2013,,,,18.47,,,-83.54
hdfc-bank,2014,,,,22.8,,,-547.54
hdfc-bank,2015,,,,20.12,,,-289.66
hdfc-bank,2016,,,,20.04,,,-79.67
hdfc-bank,2017,,,,21.87,,,-831.41
hdfc-bank,2018,,,,23.16,,,10.55
hdfc-bank,2019,,,,16.98,,,-314.98
hdfc-bank,2020,,,,22.98,,,-70.23
hdfc-bank,2021,,,,14.14,,,-348.62
hdfc-bank,2022,,,,18.41,,,-134.24
hdfc-bank,2023,,,,19.22,,,-292.23
hdfc-bank,2024,,,,46.7,,,28.2
hdfc-bank,2025,,,,8.09,,,314.62
hdfc-bank,2026,,,,11.63,,,-14.85
heg,2004,,,,,,,
heg,2005,63.81,80.88,10.21,41.48,-14.05,-19.33,-25.17
heg,2006,56.87,76.98,8.51,41.18,27.2,-5.39,-171.38
heg,2007,13.68,10.29,11.75,13.2,79.4,89.67,-166.39
heg,2008,-11.79,-19.83,47.34,3.97,88.08,98.2,192.62
heg,2009,17.71,23.92,9.19,14.52,36.67,-26.89,-24.33
heg,2010,-9.32,-17.15,26.83,1.81,-12.2,59.89,349.95
heg,2011,10.51,15.7,11.69,11.0,-43.57,-24.67,-87.62
heg,2012,39.87,35.23,-6.62,20.48,-44.06,-51.64,-27.97
heg,2013,9.93,6.27,13.26,11.0,92.54,69.75,325.67
heg,2014,-14.18,-31.42,7.04,-7.18,-15.58,-18.12,571.09
heg,2015,-18.17,-0.61,1.8,-10.58,-33.41,-54.98,-65.72
heg,2016,-22.31,-18.32,-2.1,-13.56,-41.99,-119.36,-5.97
heg,2017,-6.0,-19.08,-5.34,-5.68,-88.07,562.91,-37.01
heg,2018,-8.11,-45.67,107.46,48.76,24079.18,-2260.52,273.14
heg,2019,63.33,124.02,105.63,92.36,178.1,182.1,153.97
heg,2020,-31.4,-11.07,-7.96,-14.21,-101.7,-98.25,-41.96
heg,2021,-19.16,-49.97,-0.71,-4.64,69.7,-147.4,-15.64
heg,2022,86.13,123.74,11.12,24.67,-438.58,-1643.79,-119.3
heg,2023,1.19,11.68,7.96,6.13,15.5,16.62,-181.42
heg,2024,-9.86,-16.4,1.66,-1.3,-59.54,-49.17,437.08
heg,2025,-6.72,-5.57,0.35,-1.31,-71.18,-56.25,-48.12
heg,2026,17.2,35.64,3.45,6.5,217.67,78.38,11.24
hg-infra-eng,2013,,,,,,,
hg-infra-eng,2014,-14.39,0.5,15.82,-5.2,20.36,-28.01,112.88
hg-infra-eng,2015,4.09,-10.09,5.8,4.73,-28.08,-57.43,-25.52
hg-infra-eng,2016,79.92,57.58,45.15,66.86,122.96,661.85,23.83
hg-infra-eng,2017,56.63,79.29,43.73,52.41,65.48,51.12,87.73
hg-infra-eng,2018,138.27,91.92,207.06,159.45,55.96,57.73,-112.08
hg-infra-eng,2019,-3.68,-19.68,21.88,5.64,47.75,46.65,-1206.43
hg-infra-eng,2020,37.19,5.63,24.63,31.91,17.12,34.11,196.1
hg-infra-eng,2021,-7.89,-11.19,25.63,5.42,22.3,27.3,106.89
hg-infra-eng,2022,-11.54,38.8,32.18,9.15,53.16,60.58,-78.38
hg-infra-eng,2023,70.38,60.07,30.35,47.43,22.87,24.39,414.99
hg-infra-eng,2024,3.0,-10.42,30.37,16.87,28.27,29.45,-53.84
hg-infra-eng,2025,64.96,136.68,24.42,42.05,9.72,5.8,-55.89
hg-infra-eng,2026,34.47,52.39,12.97,23.82,-22.68,-32.57,111.76
hind-copper,2004,,,,,,,
hind-copper,2005,-2.63,-18.75,-148.13,10.16,-1960.08,-199.68,-252.62
hind-copper,2006,35.33,-18.01,134.81,49.66,39.42,89.14,105.85
hind-copper,2007,14.14,-26.06,102.71,35.13,201.08,196.51,101.33
hind-copper,2008,-19.47,-47.49,37.73,5.39,-36.4,-21.49,-48.56
hind-copper,2009,-20.28,-68.24,7.58,-9.94,-134.01,-104.18,-124.0
hind-copper,2010,-27.5,-99.86,15.98,-1.82,-319.99,-1600.29,-259.6
hind-copper,2011,-18.74,-100.0,5.27,-1.99,61.05,44.88,270.04
hind-copper,2012,13.96,,18.27,17.19,35.6,44.33,-1.84
hind-copper,2013,-3.22,,17.7,12.6,-59.21,9.96,-37.29
hind-copper,2014,-6.34,,11.2,7.52,109.81,-19.46,54.17
hind-copper,2015,-15.6,,1.76,-1.4,-95.29,-76.4,-28.35
hind-copper,2016,82.79,,2.79,15.28,-112.58,-35.56,8.88
hind-copper,2017,65.5,127.89,-23.33,-1.33,-3982.65,42.19,-200.39
hind-copper,2018,29.28,39.17,4.11,14.57,52.47,28.53,-243.23
hind-copper,2019,24.56,62.89,6.8,15.13,114.73,82.78,-32.14
hind-copper,2020,28.5,46.12,-41.13,-5.81,-314.43,-491.28,-65.9
hind-copper,2021,-18.97,-27.26,13.44,-8.99,-121.53,-119.32,867.22
hind-copper,2022,-37.86,-64.1,75.45,5.63,213.66,239.86,26.47
hind-copper,2023,-16.88,-61.7,8.94,-0.42,-12.49,-20.99,-35.99
hind-copper,2024,9.06,42.26,9.75,9.54,17.73,0.03,-56.64
hind-copper,2025,-14.73,-25.17,16.6,7.16,51.23,58.6,86.36
hind-copper,2026,27.81,-33.98,25.65,26.17,107.41,96.5,170.72
hind-zinc,2004,,,,,,,
hind-zinc,2005,3.3,-6.0,37.88,22.64,10.87,61.97,67.77
hind-zinc,2006,15.46,-2.33,65.07,46.65,177.71,124.69,64.21
hind-zinc,2007,-20.04,-99.93,122.38,80.74,189.54,201.66,263.93
hind-zinc,2008,20.17,0.0,55.34,50.79,-17.3,-1.03,-8.61
hind-zinc,2009,16.1,2128.21,21.18,20.66,-53.01,-37.95,-35.54
hind-zinc,2010,32.83,595.86,26.23,26.89,77.83,48.17,50.3
hind-zinc,2011,19.99,-99.36,24.33,23.88,18.19,21.26,4.77
hind-zinc,2012,3.33,0.0,19.3,17.69,5.94,12.77,5.15
hind-zinc,2013,22.5,0.0,20.07,20.28,7.41,24.85,5.78
hind-zinc,2014,33.53,-100.0,15.93,17.51,5.13,0.07,15.14
hind-zinc,2015,32.4,,15.86,17.55,10.75,18.44,1.09
hind-zinc,2016,180.37,,-13.77,8.58,-13.22,-0.04,16.64
hind-zinc,2017,32.76,,-17.6,-2.63,34.9,1.72,17.63
hind-zinc,2018,-66.65,-100.0,16.64,-17.11,39.11,11.54,29.64
hind-zinc,2019,26.47,,-6.48,-1.1,-20.33,-14.23,-10.73
hind-zinc,2020,-24.71,-75.93,19.95,10.64,-25.25,-14.47,-24.6
hind-zinc,2021,101.26,959.41,-19.84,-2.66,39.17,17.27,59.6
hind-zinc,2022,-22.55,-56.39,6.09,-2.31,44.13,20.68,20.1
hind-zinc,2023,116.69,319.45,-62.25,-20.63,8.14,9.24,19.24
hind-zinc,2024,-17.06,-28.59,17.7,-4.37,-28.45,-25.98,-11.83
hind-zinc,2025,13.16,25.96,-12.76,1.52,33.19,32.0,5.88
hind-zinc,2026,-6.77,-22.52,69.11,22.53,33.65,33.4,19.32
icici-bank,2011,,,,,,,
icici-bank,2012,,,,16.59,,,-240.16
icici-bank,2013,,,,13.33,,,14.64
icici-bank,2014,,,,10.78,,,-57.95
icici-bank,2015,,,,8.66,,,-203.34
icici-bank,2016,,,,11.54,,,-564.89
icici-bank,2017,,,,7.09,,,74.88
icici-bank,2018,,,,13.92,,,-66.08
icici-bank,2019,,,,9.7,,,188.78
icici-bank,2020,,,,13.88,,,104.2
icici-bank,2021,,,,12.02,,,58.18
icici-bank,2022,,,,14.7,,,-55.64
icici-bank,2023,,,,12.25,,,-86.03
icici-bank,2024,,,,18.14,,,961.81
icici-bank,2025,,,,13.18,,,49.84
icici-bank,2026,,,,12.0,,,-47.1
idfc-first-bank,2015,,,,,,,
idfc-first-bank,2016,,,,147939640.0,,,
idfc-first-bank,2017,,,,51.63,,,-476.13
idfc-first-bank,2018,,,,12.8,,,-141.74
idfc-first-bank,2019,,,,32.14,,,-390.81
idfc-first-bank,2020,,,,-10.76,,,-36.82
idfc-first-bank,2021,,,,9.35,,,28.69
idfc-first-bank,2022,,,,16.57,,,-81.48
idfc-first-bank,2023,,,,26.16,,,38.24
idfc-first-bank,2024,,,,23.41,,,214.7
idfc-first-bank,2025,,,,16.11,,,27.07
idfc-first-bank,2026,,,,16.28,,,-51.96
indian-bank,2011,,,,,,,
indian-bank,2012,,,,16.19,,,913.61
indian-bank,2013,,,,15.13,,,-275.57
indian-bank,2014,,,,15.05,,,-121.19
indian-bank,2015,,,,2.94,,,-805.57
indian-bank,2016,,,,5.64,,,-118.11
indian-bank,2017,,,,7.13,,,1062.62
indian-bank,2018,,,,15.8,,,-66.02
indian-bank,2019,,,,10.82,,,-507.05
indian-bank,2020,,,,10.5,,,-158.37
indian-bank,2021,,,,102.28,,,-295.34
indian-bank,2022,,,,7.29,,,68.39
indian-bank,2023,,,,5.78,,,-197.25
indian-bank,2024,,,,11.56,,,-69.18
indian-bank,2025,,,,10.19,,,-301.45
indian-bank,2026,,,,13.11,,,8.26
indusind-bank,2011,,,,,,,
indusind-bank,2012,,,,26.21,,,203.46
indusind-bank,2013,,,,27.28,,,-126.28
indusind-bank,2014,,,,18.72,,,745.22
indusind-bank,2015,,,,25.38,,,-92.17
indusind-bank,2016,,,,28.36,,,2011.79
indusind-bank,2017,,,,27.55,,,-270.44
indusind-bank,2018,,,,24.06,,,-278.93
indusind-bank,2019,,,,25.35,,,-69.14
indusind-bank,2020,,,,10.52,,,88.43
indusind-bank,2021,,,,18.21,,,-470.85
indusind-bank,2022,,,,10.75,,,-62.82
indusind-bank,2023,,,,13.89,,,-174.93
indusind-bank,2024,,,,12.48,,,35.42
indusind-bank,2025,,,,7.59,,,-207.53
indusind-bank,2026,,,,-1.91,,,-94.23
infosys,2004,,,,,,,
infosys,2005,-28.54,,61.11,28.24,52.05,52.78,-16.79
infosys,2006,64.71,,31.58,38.35,25.43,27.44,64.52
infosys,2007,-17.73,,61.84,42.48,45.58,56.05,45.55
infosys,2008,104.55,,20.86,32.61,17.6,18.32,17.2
infosys,2009,-10.43,,32.02,22.82,40.64,30.16,35.01
infosys,2010,20.59,,23.74,23.24,5.49,-0.26,14.05
infosys,2011,8.01,,11.19,10.7,17.11,11.03,-27.33
infosys,2012,39.17,,21.45,24.12,27.07,31.46,39.46
infosys,2013,15.04,,21.18,20.14,4.01,7.63,16.57
infosys,2014,52.39,,16.73,22.51,12.66,11.83,31.78
infosys,2015,29.43,,14.2,17.27,17.81,19.33,-13.04
infosys,2016,-15.24,,27.07,17.66,8.42,4.35,20.4
infosys,2017,1.87,,11.35,9.83,8.78,8.86,9.4
infosys,2018,4.27,,-6.64,-5.02,0.08,16.91,19.06
infosys,2019,31.06,,-1.25,4.02,7.46,-8.99,12.14
infosys,2020,15.96,,-0.76,2.67,4.78,5.72,11.32
infosys,2021,19.15,,14.94,15.92,23.73,16.12,27.81
infosys,2022,34.24,,-3.11,5.8,14.74,17.66,11.02
infosys,2023,11.67,,-2.25,1.96,10.01,9.57,-13.25
infosys,2024,0.54,,19.83,13.43,3.12,17.04,8.44
infosys,2025,11.34,,7.58,8.69,7.17,-6.12,41.48
infosys,2026,21.84,,-7.39,1.4,5.16,14.25,-4.23
insecticides,2004,,,,,,,
insecticides,2005,32.65,-16.58,88.04,46.62,523.48,1594.87,
insecticides,2006,29.43,126.44,60.83,43.43,40.83,54.01,
insecticides,2007,33.5,21.07,43.16,33.54,-12.94,-15.82,-154.74
insecticides,2008,49.41,8.48,143.87,86.47,64.12,66.51,-402.56
insecticides,2009,27.51,-7.75,21.48,24.42,56.52,45.69,-157.56
insecticides,2010,40.41,58.7,25.19,32.79,22.57,35.59,-172.43
insecticides,2011,33.82,56.48,22.6,28.52,32.51,14.3,-942.57
insecticides,2012,79.16,347.62,17.72,51.48,28.27,2.48,-195.99
insecticides,2013,24.19,30.41,16.5,21.5,17.67,6.97,-96.3
insecticides,2014,29.74,21.29,16.18,25.19,18.21,13.08,-2931.58
insecticides,2015,15.52,21.42,18.19,16.35,29.0,37.31,-115.22
insecticides,2016,-16.17,-38.97,40.32,1.71,-22.39,-28.36,-1575.39
insecticides,2017,-2.61,23.13,13.61,4.48,26.82,51.18,-95.26
insecticides,2018,-11.95,-52.55,17.87,2.21,37.13,41.36,4427.18
insecticides,2019,53.28,182.26,20.77,35.48,26.87,45.78,-173.33
insecticides,2020,-18.87,-37.47,10.42,-4.57,-20.58,-29.71,-281.66
insecticides,2021,7.62,-49.29,12.07,10.14,-10.49,8.59,-35.76
insecticides,2022,-13.04,-47.46,5.96,-2.12,21.52,14.55,-13.2
insecticides,2023,47.74,222.07,5.59,21.52,-33.16,-41.14,-107.88
insecticides,2024,-10.2,-47.7,10.42,0.95,39.82,62.93,-1837.76
insecticides,2025,15.34,18.98,6.99,10.4,41.67,36.19,-48.73
insecticides,2026,-4.27,40.32,12.22,5.18,-1.79,-2.83,14.9
irb-infra,2004,,,,,,,
irb-infra,2005,-34.96,-100.0,49608.7,53.79,-200.0,-166.67,
irb-infra,2006,-45.86,,24.2,28.67,-5266.67,21575.0,
irb-infra,2007,20409.72,,84.89,270.6,-21.29,-21.22,
irb-infra,2008,-91.4,-93.93,417.4,148.05,383.61,-13.32,391.23
irb-infra,2009,525.74,712.68,0.46,10.1,68.64,868.75,2.5
irb-infra,2010,661.5,376.59,0.44,69.43,70.05,-2.63,-2660.05
irb-infra,2011,54.71,89.8,2.94,27.22,-355.61,61.46,-117.27
irb-infra,2012,58.52,45.13,7.52,36.61,216.6,84.04,-100.0
irb-infra,2013,6.19,-36.97,3.59,5.31,55.6,12.9,
irb-infra,2014,32.86,61.08,9.88,25.22,6.73,53.84,18.73
irb-infra,2015,19.27,9.23,24.51,20.8,-12.31,-52.0,16.87
irb-infra,2016,10.46,25.02,8.57,9.9,17.15,134.88,-17.41
irb-infra,2017,17.89,23.31,7.34,14.75,59.3,-37.45,15.73
irb-infra,2018,20.98,54.33,0.16,15.2,-15.42,118.51,-378.92
irb-infra,2019,-9.18,-19.03,4.92,-5.78,42.79,-25.97,-161.64
irb-infra,2020,43.42,94.91,-2.54,31.05,15.05,-15.08,-139.92
irb-infra,2021,19.17,30.14,11.32,17.6,-27.51,-32.48,-434.57
irb-infra,2022,-41.77,-43.98,197.15,3.49,79.91,69.64,-120.43
irb-infra,2023,12.16,7.27,5.48,8.53,-36.59,16.41,-186.08
irb-infra,2024,56.12,58.99,5.94,29.59,37.15,104.79,359.39
irb-infra,2025,25.75,15.97,54.97,38.38,862.4,636.38,-61.9
irb-infra,2026,5.22,9.1,8.59,6.85,-74.22,-82.25,-148.57
jindal-steel,2004,,,,,,,
jindal-steel,2005,45.0,45.8,54.1,48.22,87.13,68.83,89.37
jindal-steel,2006,73.2,83.53,39.82,60.91,8.14,11.1,-24.82
jindal-steel,2007,30.05,27.77,35.35,31.75,32.37,22.7,111.74
jindal-steel,2008,17.16,10.14,50.45,28.1,72.45,75.96,22.02
jindal-steel,2009,51.77,28.45,44.16,48.84,18.8,24.21,91.39
jindal-steel,2010,47.99,68.93,24.57,39.24,-8.01,-3.7,-11.06
jindal-steel,2011,31.79,36.48,28.81,30.79,45.04,39.5,-25.34
jindal-steel,2012,28.33,25.61,24.81,27.17,10.38,2.25,61.98
jindal-steel,2013,20.91,35.68,13.86,18.63,-9.55,-24.55,-64.85
jindal-steel,2014,20.48,16.23,5.8,15.92,-12.2,-18.88,201.04
jindal-steel,2015,1.73,15.21,-4.23,0.04,-56.16,-124.05,-52.87
jindal-steel,2016,11.5,-8.42,84.36,31.25,-73.66,356.59,205.06
jindal-steel,2017,2.12,1.04,-5.63,-0.83,192.93,-30.46,-8.09
jindal-steel,2018,-2.72,-11.76,4.72,-0.03,100.36,-63.34,19.59
jindal-steel,2019,-5.79,-17.47,-1.07,-4.0,34.44,-27.3,43.77
jindal-steel,2020,0.12,-13.58,5.15,2.09,50.99,-334.94,1.05
jindal-steel,2021,3.76,9.9,37.68,17.42,204.84,1058.27,38.23
jindal-steel,2022,-4.62,-20.25,23.65,8.72,17.31,15.78,45.34
jindal-steel,2023,-23.93,-10.88,0.49,-10.82,-67.08,-70.7,-55.23
jindal-steel,2024,0.19,-6.36,12.17,7.44,94.38,117.29,8.79
jindal-steel,2025,-10.55,-37.79,9.38,2.04,-32.98,-31.33,62.26
jindal-steel,2026,16.88,10.88,6.77,10.03,-13.77,-15.12,-39.26
kajaria-ceramic,2004,,,,,,,
kajaria-ceramic,2005,14.81,-0.96,19.83,16.36,28.54,115.47,121.91
kajaria-ceramic,2006,17.35,39.54,14.46,16.43,6.94,30.8,-94.9
kajaria-ceramic,2007,50.81,64.07,4.41,36.29,-31.77,-77.02,-738.42
kajaria-ceramic,2008,4.37,1.47,9.39,5.58,69.54,95.95,-118.41
kajaria-ceramic,2009,-0.64,-3.59,4.64,0.67,19.67,-40.71,451.73
kajaria-ceramic,2010,-1.46,-19.17,16.83,3.26,24.72,302.81,322.6
kajaria-ceramic,2011,24.89,-23.89,17.55,22.75,40.06,69.21,47.0
kajaria-ceramic,2012,0.76,-12.61,26.66,8.01,37.52,33.07,-50.49
kajaria-ceramic,2013,-8.4,-2.49,26.57,3.07,10.24,24.57,11.48
kajaria-ceramic,2014,-18.4,-64.23,45.07,7.16,9.16,16.1,71.1
kajaria-ceramic,2015,9.58,30.98,39.52,25.9,22.55,44.22,-93.99
kajaria-ceramic,2016,16.37,-43.55,25.93,22.14,42.43,39.52,3088.77
kajaria-ceramic,2017,-12.9,-76.75,29.73,13.65,12.33,15.02,-8.43
kajaria-ceramic,2018,-5.22,13.93,16.69,10.36,-5.95,-6.6,-24.14
kajaria-ceramic,2019,5.93,-17.92,13.76,11.82,-5.75,-2.54,46.28
kajaria-ceramic,2020,-3.36,331.33,10.47,7.22,-12.99,13.38,-19.28
kajaria-ceramic,2021,-8.51,-78.85,8.12,4.6,27.7,10.46,100.77
kajaria-ceramic,2022,36.48,346.98,12.85,17.23,17.85,17.66,-23.29
kajaria-ceramic,2023,10.26,150.15,9.91,9.98,-5.34,-4.95,-39.9
kajaria-ceramic,2024,-6.08,-93.45,10.8,7.15,6.69,10.76,152.96
kajaria-ceramic,2025,10.47,-54.96,1.44,3.15,-42.4,-46.48,-17.45
kajaria-ceramic,2026,-0.15,747.12,11.19,8.88,113.32,123.75,23.84
kaveri-seed,2004,,,,,,,
kaveri-seed,2005,51.99,7869.23,67.76,53.06,142.31,32.98,
kaveri-seed,2006,3.87,39.19,143.32,14.58,153.97,132.0,
kaveri-seed,2007,1.78,-17.55,257.16,41.47,391.25,263.45,
kaveri-seed,2008,15.01,-52.31,294.94,125.85,47.14,32.45,-633.57
kaveri-seed,2009,127.2,277.07,18.7,52.06,18.98,64.04,-214.32
kaveri-seed,2010,55.65,112.91,20.68,36.75,17.77,26.94,139.34
kaveri-seed,2011,12.46,-39.26,25.5,18.68,34.68,46.13,179.7
kaveri-seed,2012,86.5,-21.84,27.42,56.71,41.26,36.77,92.3
kaveri-seed,2013,50.32,-96.11,43.28,47.57,111.11,123.53,-4.69
kaveri-seed,2014,-3.7,0.0,49.95,17.64,58.15,62.13,76.34
kaveri-seed,2015,-11.93,66.67,46.31,17.64,42.79,43.35,-12.86
kaveri-seed,2016,-10.35,17.14,20.68,9.2,-43.18,-41.32,39.85
kaveri-seed,2017,24.24,0.0,11.84,15.59,-69.98,-55.7,-4.94
kaveri-seed,2018,-16.03,14.63,-0.27,-5.39,288.23,168.05,-28.27
kaveri-seed,2019,26.68,-0.53,-0.81,7.12,-5.28,2.09,-14.29
kaveri-seed,2020,14.9,-16.58,-3.07,3.06,16.72,17.02,15.52
kaveri-seed,2021,16.2,-30.77,28.54,23.85,23.39,21.51,59.8
kaveri-seed,2022,-18.78,0.93,2.55,-5.06,-34.3,-31.58,-56.6
kaveri-seed,2023,11.12,-44.04,6.12,7.64,26.15,27.83,175.78
kaveri-seed,2024,23.15,-78.69,-10.26,0.27,10.97,9.72,33.21
kaveri-seed,2025,43.47,-100.0,19.66,28.87,-3.05,-9.48,-53.51
kaveri-seed,2026,-14.32,,18.72,4.48,10.55,6.81,-114.18
kei-industries,2004,,,,,,,
kei-industries,2005,62.31,47.53,33.16,55.48,190.85,842.7,-667.98
kei-industries,2006,62.85,70.97,238.85,101.0,125.06,210.01,43.32
kei-industries,2007,184.72,303.44,59.43,138.32,93.46,54.33,278.26
kei-industries,2008,16.92,10.46,36.36,21.33,18.67,8.4,11.04
kei-industries,2009,-7.15,7.59,-5.07,-6.62,-88.28,-97.13,-138.42
kei-industries,2010,1.92,-8.38,12.15,5.21,276.53,1038.4,-107.74
kei-industries,2011,20.45,-24.21,7.92,16.25,75.29,-25.79,-5117.13
kei-industries,2012,40.06,64.51,-4.55,28.63,83.47,130.4,-64.5
kei-industries,2013,-4.78,-7.34,12.54,-1.49,14.96,8.26,362.97
kei-industries,2014,5.3,13.88,6.85,5.64,-11.99,-55.96,-44.07
kei-industries,2015,6.95,-15.26,11.27,7.9,29.4,195.26,137.03
kei-industries,2016,7.95,16.32,20.66,10.83,26.95,81.61,-6.36
kei-industries,2017,28.05,58.37,25.72,27.48,10.9,50.85,-115.57
kei-industries,2018,12.36,8.31,31.16,16.93,27.24,54.07,-756.36
kei-industries,2019,23.16,-32.54,28.84,24.71,33.35,25.81,229.52
kei-industries,2020,-11.26,-37.71,93.45,18.25,7.62,40.27,-102.1
kei-industries,2021,-29.85,-9.56,17.98,-7.8,-8.35,7.14,-1275.11
kei-industries,2022,12.6,16.29,20.12,17.03,32.42,37.65,48.52
kei-industries,2023,-15.13,-59.18,21.25,6.89,21.74,26.89,124.78
kei-industries,2024,27.69,-0.76,21.6,23.51,19.57,21.72,18.82
kei-industries,2025,-3.93,32.85,83.78,55.37,18.63,19.85,-105.27
kei-industries,2026,58.13,4.41,15.2,23.79,23.57,31.88,-2707.73
knr-construct,2004,,,,,,,
knr-construct,2005,7.97,118.17,9.79,8.76,-34.12,-35.84,
knr-construct,2006,154.2,214.45,40.93,105.31,9.91,277.7,
knr-construct,2007,79.81,101.73,39.49,67.85,260.11,23.56,
knr-construct,2008,75.4,46.08,242.13,116.46,96.24,48.64,34.18
knr-construct,2009,16.74,-16.86,16.39,16.6,38.29,47.75,171.41
knr-construct,2010,21.4,-45.4,16.6,19.53,10.55,15.16,-71.52
knr-construct,2011,-7.91,-13.5,16.38,1.29,12.43,13.03,140.87
knr-construct,2012,-11.75,-22.36,13.85,-0.6,-7.33,-7.16,37.71
knr-construct,2013,21.83,34.8,12.01,16.93,-26.25,-1.19,-99.08
knr-construct,2014,-11.47,-13.54,12.65,0.05,12.8,16.98,12710.58
knr-construct,2015,-1.59,51.8,10.89,5.12,5.15,19.73,-49.62
knr-construct,2016,26.91,27.55,27.71,27.36,55.76,120.68,282.21
knr-construct,2017,31.09,15.79,23.18,26.59,37.92,-2.4,23.39
knr-construct,2018,11.84,62.61,29.3,21.5,62.74,73.03,-50.46
knr-construct,2019,5.94,12.43,22.15,15.49,1.71,-3.24,57.85
knr-construct,2020,27.79,-10.11,14.82,19.71,11.0,-14.45,59.23
knr-construct,2021,-3.75,-99.67,15.02,7.47,33.64,8.42,-24.39
knr-construct,2022,3.29,-100.0,20.03,14.0,48.48,56.36,15.17
knr-construct,2023,-11.23,,21.96,11.12,26.16,30.65,-96.25
knr-construct,2024,4.84,-100.0,17.97,14.55,-19.07,-1.0,1592.15
knr-construct,2025,-30.37,,22.3,9.72,-9.68,46.95,-221.09
knr-construct,2026,-10.71,,2.78,0.74,-76.96,-84.01,-116.2
kolte-patil,2004,,,,,,,
kolte-patil,2005,33.27,15.56,16.99,30.9,-8.77,-86.39,
kolte-patil,2006,104.82,214.21,15.92,93.36,82.21,1126.09,
kolte-patil,2007,59.99,19.68,892.64,124.36,2272.82,2873.76,-546.7
kolte-patil,2008,-10.61,-2.27,214.72,66.45,77.25,52.56,-64.01
kolte-patil,2009,-20.48,1.64,13.61,1.57,-63.44,-33.84,-439.58
kolte-patil,2010,-11.74,-37.87,2.97,-1.1,-74.09,-67.39,-124.48
kolte-patil,2011,4.88,-27.69,6.03,5.74,345.17,90.76,-9.63
kolte-patil,2012,9.23,20.51,2.4,4.07,-55.53,-42.32,-321.22
kolte-patil,2013,54.92,220.11,5.21,17.99,65.44,116.23,-132.01
kolte-patil,2014,26.15,15.12,-0.71,8.35,-29.44,-29.37,-649.75
kolte-patil,2015,25.86,5.05,3.29,12.16,11.69,-5.93,-69.81
kolte-patil,2016,29.12,84.39,3.81,14.97,-18.48,-9.51,-170.37
kolte-patil,2017,14.07,-58.45,-1.4,6.26,286.81,114.56,514.72
kolte-patil,2018,-18.32,74.36,11.7,-4.25,32.73,23.85,-112.77
kolte-patil,2019,128.43,-1.98,-11.47,51.97,-44.29,-24.33,-13.99
kolte-patil,2020,-9.29,-4.57,9.43,-3.33,48.3,-19.13,-1190.14
kolte-patil,2021,-9.7,34.27,-0.22,-6.28,-85.69,-111.98,-46.81
kolte-patil,2022,20.55,67.86,-6.54,10.16,-240.8,639.66,12.91
kolte-patil,2023,1.46,-7.69,-1.53,0.49,-186.67,-105.4,157.8
kolte-patil,2024,59.76,127.67,-5.59,38.91,-485.98,-2421.17,-246.06
kolte-patil,2025,-7.87,13.91,7.79,-4.48,-204.33,-196.3,-84.99
kolte-patil,2026,143.86,-5.36,52.03,121.4,-171.63,-102.87,-847.89
larsen,2004,,,,,,,
larsen,2005,24.28,40.38,21.41,23.39,56.0,83.92,-66.1
larsen,2006,11.7,-21.81,37.73,19.64,34.81,2.43,1122.44
larsen,2007,35.51,42.94,24.32,31.58,67.26,38.34,55.59
larsen,2008,50.71,72.49,65.64,55.66,63.02,55.84,-8.69
larsen,2009,41.81,82.93,30.4,37.78,28.99,60.23,-23.99
larsen,2010,14.49,3.73,46.77,25.34,22.32,25.62,270.81
larsen,2011,24.02,-6.9,19.47,22.17,26.88,-9.5,-30.08
larsen,2012,20.44,30.56,15.46,18.53,6.33,12.6,-71.78
larsen,2013,1.32,-3.16,15.54,6.62,2.24,10.19,95.52
larsen,2014,3.74,43.14,15.51,8.49,12.12,11.86,-50.48
larsen,2015,11.6,7.34,10.17,10.98,-9.69,-7.95,200.13
larsen,2016,13.11,-0.64,9.8,11.7,-1.79,5.05,3.58
larsen,2017,-0.22,-22.7,12.63,5.32,7.46,2.68,83.67
larsen,2018,18.16,1.88,6.89,13.08,10.55,-1.22,-50.64
larsen,2019,12.31,24.57,2.1,7.83,21.82,39.06,-13.39
larsen,2020,19.8,115.06,4.25,13.55,-22.32,-10.84,-104.74
larsen,2021,-2.06,-7.67,15.79,4.52,-46.9,69.74,-6984.41
larsen,2022,15.82,-14.74,11.09,13.89,138.18,-30.5,-28.16
larsen,2023,-0.48,-10.58,6.58,2.33,-2.79,-0.39,21.09
larsen,2024,9.88,24.18,-9.94,1.66,5.79,18.54,14.17
larsen,2025,3.3,-2.69,11.61,6.35,20.5,16.84,53.42
larsen,2026,16.66,-48.11,3.67,11.65,-65.76,-42.16,72.34
lloyds-metals,2004,,,,,,,
lloyds-metals,2005,-36.22,-36.1,-27.19,-38.59,,,176.22
lloyds-metals,2006,-1.52,-32.22,-81.64,23.45,,,90.31
lloyds-metals,2007,7.23,-8.22,206.33,-2.0,,,-72.39
lloyds-metals,2008,-12.21,-30.01,-96.32,-0.03,,,-31.84
lloyds-metals,2009,-9.73,-60.46,-5151.22,17.71,,,287.49
lloyds-metals,2010,23.1,-15.01,21.52,22.74,,,-4.47
lloyds-metals,2011,13.94,-28.8,18.41,14.95,,,-50.17
lloyds-metals,2012,9.25,-17.41,3.13,7.82,,,-42.47
lloyds-metals,2013,-22.23,-22.88,1.56,-16.91,,,-44.8
lloyds-metals,2014,6.87,-23.94,-34.0,-4.29,,,30.25
lloyds-metals,2015,3.68,13.22,-25.67,-1.85,,,-10.71
lloyds-metals,2016,8.96,-32.49,1.18,7.85,,,143.52
lloyds-metals,2017,8.42,115.71,9.12,8.51,,,-112.07
lloyds-metals,2018,8.42,13.01,24.86,10.63,,,-645.13
lloyds-metals,2019,2.28,192.29,28.21,6.21,,,-226.69
lloyds-metals,2020,3.17,15.95,33.4,8.71,,,-234.79
lloyds-metals,2021,8.13,4.01,26.11,12.17,,,-128.97
lloyds-metals,2022,-36.42,-44.86,164.44,14.37,,,423.49
lloyds-metals,2023,45.22,-100.0,217.48,145.93,,,560.32
lloyds-metals,2024,126.49,,83.85,94.31,,,-429.36
lloyds-metals,2025,166.93,,127.79,138.98,,,-29.16
lloyds-metals,2026,184.45,626.28,83.99,116.07,,,299.7
mangalore-chem,2004,,,,,,,
mangalore-chem,2005,3.03,111.81,6.61,5.05,65.18,56.01,-243.64
mangalore-chem,2006,92.59,110.53,4.54,42.24,39.46,12.73,3.37
mangalore-chem,2007,8.33,6.9,5.08,6.96,21.77,9.18,-212.23
mangalore-chem,2008,44.58,66.35,7.31,29.19,46.21,30.99,-206.32
mangalore-chem,2009,3.41,4.42,4.4,3.75,124.76,-21.68,-111.59
mangalore-chem,2010,-37.24,-75.26,10.38,-20.8,-55.48,100.53,6545.5
mangalore-chem,2011,-8.18,87.59,12.92,1.97,64.02,37.26,-102.5
mangalore-chem,2012,313.64,608.5,10.39,152.1,31.43,-10.88,8228.67
mangalore-chem,2013,-3.28,-7.18,8.92,-0.43,-12.55,-3.66,-139.64
mangalore-chem,2014,17.35,24.21,9.02,15.22,31.35,6.55,-101.83
mangalore-chem,2015,-11.02,-29.95,3.79,-7.45,-31.84,-47.07,-10619.26
mangalore-chem,2016,17.77,26.45,-36.42,3.1,-54.89,-739.64,-122.06
mangalore-chem,2017,-13.41,-12.83,1.05,-11.0,134.65,-108.08,-345.66
mangalore-chem,2018,12.01,14.46,12.57,12.12,6.78,212.11,-90.25
mangalore-chem,2019,19.32,25.12,3.74,16.36,1.11,-45.72,-895.59
mangalore-chem,2020,-6.83,-13.71,10.18,-3.94,6.42,96.32,-340.18
mangalore-chem,2021,-38.44,-43.79,11.31,-28.76,-1.9,3.95,53.03
mangalore-chem,2022,46.5,66.27,12.48,36.15,2.63,30.94,-109.07
mangalore-chem,2023,-8.84,1.2,17.59,-2.2,56.31,53.27,-320.3
mangalore-chem,2024,-19.68,-24.91,16.99,-8.6,21.85,14.97,158.31
mangalore-chem,2025,-14.95,-29.11,13.3,-4.03,-19.24,-7.18,-45.32
mindspace-reit,2020,,,,,,,
mindspace-reit,2021,23693.88,,-338444.9,,-12461.22,-12006.12,116.33
mindspace-reit,2022,48.06,43.71,-0.02,3.14,96.33,89.06,17.92
mindspace-reit,2023,30.25,33.31,0.17,3.01,6.05,4.18,59.2
mindspace-reit,2024,58.53,58.7,0.14,7.1,9.58,1.05,-25.13
mindspace-reit,2025,30.12,32.88,0.01,5.32,-31.66,-49.05,95.7
mindspace-reit,2026,89.91,89.65,6.41,24.62,-103.18,22.48,25.62
mrpl,2004,,,,,,,
mrpl,2005,-2.26,-24.84,45.82,3.21,192.34,91.49,70.6
mrpl,2006,-5.45,-4.59,10.71,-1.64,-50.94,-57.76,-44.29
mrpl,2007,-4.16,-28.39,15.09,0.95,53.07,41.41,70.02
mrpl,2008,34.97,-13.1,37.22,35.65,35.54,142.09,0.09
mrpl,2009,-12.65,-3.46,25.02,-1.13,42.34,-6.26,25.92
mrpl,2010,44.31,-14.62,18.34,34.26,-41.13,-6.72,36.63
mrpl,2011,10.67,-33.65,16.66,12.71,16.51,5.78,-28.68
mrpl,2012,58.09,411.0,10.73,41.38,-27.7,-22.78,-133.93
mrpl,2013,6.9,21.35,-10.53,2.08,-122.01,-183.31,-250.18
mrpl,2014,60.37,26.85,9.3,48.0,-258.29,-179.43,805.56
mrpl,2015,-10.53,-11.05,-24.95,-13.11,-721.41,-384.81,-106.42
mrpl,2016,6.28,-13.55,21.23,8.59,-134.91,-166.99,-338.87
mrpl,2017,-47.06,-2.58,56.54,-29.18,530.98,217.69,-161.92
mrpl,2018,-7.06,-30.99,9.55,-0.72,-36.24,-38.96,-511.72
mrpl,2019,8.45,76.47,-2.74,3.73,-74.98,-85.07,-84.48
mrpl,2020,6.96,28.6,-27.29,-6.55,-469.78,-915.65,-66.31
mrpl,2021,31.85,47.86,-3.48,21.0,-96.64,-91.12,-1202.7
mrpl,2022,41.54,37.28,-4.41,30.29,-3519.31,-1329.01,-332.14
mrpl,2023,-23.07,-20.76,36.66,-12.34,39.33,-10.72,35.62
mrpl,2024,-12.39,-25.47,34.74,0.81,21.04,36.29,10.69
mrpl,2025,-3.08,3.33,-2.4,-2.82,-85.29,-98.59,-73.34
mrpl,2026,41.09,11.4,9.54,29.22,398.58,3718.15,34.79
nalco,2004,,,,,,,
nalco,2005,-31.05,-100.0,25.05,4.39,68.15,67.47,24.09
nalco,2006,7.96,,25.43,21.19,23.38,26.51,14.03
nalco,2007,16.64,,30.59,27.57,46.44,52.44,38.52
nalco,2008,16.22,,15.32,15.5,-36.91,-31.49,-30.14
nalco,2009,19.06,,10.09,11.88,-24.65,-22.02,1.91
nalco,2010,14.22,,6.41,8.06,-45.41,-36.0,-39.55
nalco,2011,25.96,,7.4,11.56,33.84,31.33,39.16
nalco,2012,0.57,-100.0,4.93,3.83,-43.91,-20.56,-45.62
nalco,2013,15.47,,1.86,5.19,-38.85,-30.21,-1.19
nalco,2014,0.72,,1.59,1.36,-10.3,8.35,12.0
nalco,2015,-23.63,,5.57,-2.24,300.11,105.78,-46.96
nalco,2016,4.0,,3.11,3.29,-59.27,-40.45,69.23
nalco,2017,22.2,,-22.65,-13.22,-4.71,-15.07,63.02
nalco,2018,-4.35,-11.94,2.93,0.77,211.39,100.8,2.13
nalco,2019,13.47,48.46,-0.19,3.65,38.79,29.05,64.25
nalco,2020,-2.16,-81.57,-4.73,-3.94,-101.68,-92.02,-114.47
nalco,2021,-11.66,274.57,6.93,1.11,-2999.01,840.12,-730.88
nalco,2022,17.2,-55.17,17.55,17.45,212.71,127.16,80.01
nalco,2023,-4.72,131.01,5.45,2.67,-52.93,-47.68,-77.06
nalco,2024,7.7,-17.99,10.07,9.47,47.21,33.37,199.41
nalco,2025,4.74,217.21,23.84,19.07,168.11,158.49,113.51
nalco,2026,-2.68,-100.0,21.15,15.92,5.33,9.22,10.88
nath-bio-genes,2011,,,,,,,
nath-bio-genes,2012,12.76,22.66,69.62,17.19,30.54,15.58,
nath-bio-genes,2013,15.13,97.54,25.67,19.15,35.36,27.72,
nath-bio-genes,2014,26.55,19.22,42.3,32.88,86.35,106.81,2177.27
nath-bio-genes,2015,10.03,-0.48,31.01,19.06,5.61,4.53,-55.02
nath-bio-genes,2016,22.18,177.31,13.22,17.94,-31.96,-44.21,-309.62
nath-bio-genes,2017,4.37,18.33,150.05,70.63,25.62,14.89,-123.57
nath-bio-genes,2018,-32.8,-52.9,54.7,25.52,52.26,80.71,-1506.59
nath-bio-genes,2019,35.79,78.33,8.17,13.11,6.04,30.63,-53.19
nath-bio-genes,2020,24.44,21.01,9.86,12.98,27.37,31.36,-143.07
nath-bio-genes,2021,2.26,36.11,9.98,8.16,20.02,10.26,-88.28
nath-bio-genes,2022,13.45,-2.18,-11.63,-6.03,-185.49,-220.98,1436.04
nath-bio-genes,2023,9.84,13.19,5.79,6.88,-183.98,-152.23,125.04
nath-bio-genes,2024,21.31,2.95,6.51,10.61,10.22,14.25,94.74
nath-bio-genes,2025,38.2,2.6,6.22,15.94,-3.03,4.88,-64.13
nath-bio-genes,2026,6.88,9.54,6.27,6.49,11.34,5.43,-151.9
newgen-software,2013,,,,,,,
newgen-software,2014,131.42,,46.61,67.09,9.56,16.21,-34.3
newgen-software,2015,21.42,13.64,23.81,19.94,11.43,1.88,-27.37
newgen-software,2016,41.69,31.97,7.4,19.14,-30.63,-35.4,-5.48
newgen-software,2017,10.19,16.34,4.0,9.3,75.68,73.31,207.55
newgen-software,2018,12.63,-8.49,61.38,41.76,47.01,47.39,70.93
newgen-software,2019,19.95,24.57,21.08,20.72,27.94,35.68,55.35
newgen-software,2020,23.84,-4.47,8.88,13.63,-33.42,-31.22,-12.3
newgen-software,2021,-24.9,-100.0,20.22,4.61,113.08,78.41,176.28
newgen-software,2022,13.88,,21.38,19.52,3.15,32.66,-36.27
newgen-software,2023,23.91,-31.5,19.71,20.7,7.3,8.91,-32.13
newgen-software,2024,23.66,-48.11,24.67,24.43,36.57,39.7,183.91
newgen-software,2025,17.11,-100.0,23.14,21.68,30.84,23.57,-33.37
newgen-software,2026,17.22,,15.47,15.88,-5.16,-2.75,22.01
nfl,2004,,,,,,,
nfl,2005,-30.0,-90.35,9.81,-11.81,13.22,89.22,-15.56
nfl,2006,20.1,282.23,5.9,12.02,-26.59,-27.66,-138.45
nfl,2007,12.57,43.86,9.1,10.7,67.48,51.29,-92.48
nfl,2008,27.78,60.38,2.69,14.49,-38.92,-38.3,-3829.2
nfl,2009,-13.97,-49.52,4.48,-5.2,-1.36,-10.3,-86.59
nfl,2010,2.09,52.21,7.58,4.97,42.79,75.98,89.75
nfl,2011,24.33,52.06,5.69,14.32,-22.39,-19.25,-279.42
nfl,2012,174.45,386.84,4.92,90.29,26.19,-8.5,-58.63
nfl,2013,51.58,60.65,-9.73,72.95,-137.59,-234.72,-215.56
nfl,2014,23.6,39.14,-5.66,24.06,-96.8,-47.46,-1277.99
nfl,2015,-1.38,1.73,-0.87,-2.16,-11975.39,-129.25,-118.88
nfl,2016,-14.91,-22.25,8.48,-9.93,52.97,651.11,508.83
nfl,2017,14.17,-36.97,13.69,-15.98,1.09,5.62,32.69
nfl,2018,-8.55,-9.65,8.8,-5.44,-8.88,2.21,-32.29
nfl,2019,53.03,113.03,11.65,44.49,68.99,40.27,-262.94
nfl,2020,8.28,23.88,-13.43,4.82,-86.83,-157.3,-82.38
nfl,2021,-50.46,-77.52,13.04,-42.1,530.54,-245.97,-1574.37
nfl,2022,34.67,77.75,5.07,27.06,-59.52,-56.66,-111.74
nfl,2023,18.29,25.91,21.58,18.99,195.25,321.53,-59.4
nfl,2024,-13.41,2.44,-2.62,-11.07,-64.33,-85.81,-273.77
nfl,2025,-23.77,-51.18,2.33,-17.56,-8.44,17.79,325.96
nfl,2026,34.7,98.38,3.01,25.34,82.47,122.46,-155.74
oberoi-realty,2006,,,,,,,
oberoi-realty,2007,22.86,87.99,1338.7,419.97,48.31,70.19,
oberoi-realty,2008,-43.13,-69.41,10.98,2.05,34.6,54.2,
oberoi-realty,2009,-3.61,-63.9,1.68,1.2,-81.3,-51.36,
oberoi-realty,2010,247.35,-100.0,-1.36,20.42,85.35,-45.52,
oberoi-realty,2011,48.76,,123.07,104.29,737.89,602.51,97.22
oberoi-realty,2012,84.21,,8.93,22.77,-5.33,49.46,-45.81
oberoi-realty,2013,9.94,,11.64,11.17,60.61,28.45,-140.74
oberoi-realty,2014,-9.71,,9.09,3.96,10.5,-9.88,460.87
oberoi-realty,2015,44.15,,8.6,17.03,11.36,3.27,-173.69
oberoi-realty,2016,-34.71,-14.51,25.15,7.67,40.98,56.01,50.29
oberoi-realty,2017,-30.73,-8.39,10.61,3.29,-18.4,-32.56,-116.72
oberoi-realty,2018,142.46,779.27,8.56,24.46,15.38,30.1,475.63
oberoi-realty,2019,-23.09,-23.31,35.27,21.77,9.37,8.76,-216.83
oberoi-realty,2020,27.72,43.48,3.99,7.46,-42.13,-30.61,-163.21
oberoi-realty,2021,-1.64,-19.57,6.63,5.2,52.5,32.33,-309.17
oberoi-realty,2022,144.56,121.61,5.7,28.25,-0.5,-8.34,34.76
oberoi-realty,2023,85.46,176.36,8.38,32.25,67.49,84.19,-622.65
oberoi-realty,2024,-13.78,-49.38,69.7,33.45,127.9,110.03,-144.15
oberoi-realty,2025,25.19,37.41,10.79,14.83,35.77,19.73,29.66
oberoi-realty,2026,7.71,-14.62,11.64,10.44,5.01,11.29,-35.38
persistent,2005,,,,,,,
persistent,2006,-30.11,-100.0,95.28,61.8,25.45,17.97,
persistent,2007,58.32,,22.75,26.85,49.01,45.1,105.9
persistent,2008,43.62,,30.23,32.16,6.1,41.71,8.25
persistent,2009,32.46,,16.5,19.0,117.51,-30.0,-29.56
persistent,2010,65.71,,61.94,64.22,-20.7,99.74,124.64
persistent,2011,-10.95,,16.46,10.49,-6.92,14.13,1.09
persistent,2012,2.52,,12.55,11.13,50.61,2.84,-15.42
persistent,2013,-2.31,118.46,20.09,17.16,32.41,32.33,51.14
persistent,2014,19.05,124.65,19.47,19.42,46.0,36.72,25.57
persistent,2015,41.71,-22.57,12.73,15.88,-16.86,4.32,15.54
persistent,2016,9.12,4.05,14.47,13.76,12.54,2.38,-41.16
persistent,2017,8.19,-15.56,16.99,15.87,8.38,10.76,17.58
persistent,2018,-7.87,-23.5,13.16,10.66,5.95,16.36,83.02
persistent,2019,18.55,-27.71,8.18,9.21,2.15,-7.92,-4.6
persistent,2020,35.62,-40.83,3.48,6.94,12.8,29.43,-18.65
persistent,2021,40.42,-22.54,20.32,23.06,46.83,23.88,137.71
persistent,2022,22.68,1.82,20.01,20.42,41.91,35.79,-10.8
persistent,2023,53.06,-33.93,18.76,24.2,25.81,15.35,-11.27
persistent,2024,33.04,-48.65,21.23,23.54,18.14,24.59,9.81
persistent,2025,59.5,-100.0,25.01,32.27,23.16,17.19,24.9
persistent,2026,95.44,,12.33,33.41,46.66,41.53,153.41
phoenix-mills,2004,,,,,,,
phoenix-mills,2005,37.74,51.94,24.78,34.43,-38.31,11.32,133.69
phoenix-mills,2006,44.38,29.53,38.31,42.95,33.6,55.6,136.65
phoenix-mills,2007,156.88,279.9,320.95,194.32,-346.88,884.35,128.25
phoenix-mills,2008,-31.26,-41.56,585.52,170.26,-1477.18,-0.46,14.96
phoenix-mills,2009,-6.38,-19.41,4.39,2.43,-69.32,-52.14,-53.0
phoenix-mills,2010,-1.11,-13.93,2.63,2.05,13.31,-23.43,-6.98
phoenix-mills,2011,-18.19,-71.86,3.98,0.62,66.09,53.03,65.31
phoenix-mills,2012,123.99,554.52,4.47,19.22,14.53,14.94,113.96
phoenix-mills,2013,-1.08,-16.44,5.77,4.18,35.12,27.09,-24.82
phoenix-mills,2014,47.35,91.93,6.51,15.5,11.01,13.95,-8.41
phoenix-mills,2015,19.09,45.45,1.34,6.32,-47.63,-59.46,-19.91
phoenix-mills,2016,18.03,25.78,20.14,19.48,107.88,143.96,82.46
phoenix-mills,2017,-7.76,-11.79,6.05,1.76,3.41,-11.49,-11.91
phoenix-mills,2018,-2.38,-7.46,5.61,3.36,12.29,15.93,36.74
phoenix-mills,2019,9.92,8.72,6.86,7.67,5.9,11.79,-8.62
phoenix-mills,2020,7.55,13.3,3.77,4.8,-5.72,-14.75,8.61
phoenix-mills,2021,-15.44,-30.17,48.58,30.74,-61.68,98.06,-56.63
phoenix-mills,2022,20.73,60.79,8.66,10.84,67.15,26.56,243.15
phoenix-mills,2023,-17.22,-24.61,5.56,1.1,149.48,-21.49,-22.03
phoenix-mills,2024,5.0,10.11,4.22,4.34,-18.05,-3.51,-21.99
phoenix-mills,2025,4.98,4.09,5.09,5.07,6.79,20.37,39.36
phoenix-mills,2026,-4.83,-13.73,3.52,2.17,-12.77,-19.75,30.29
pi-industries,2004,,,,,,,
pi-industries,2005,41.95,65.52,19.62,35.22,21.6,66.0,-121.42
pi-industries,2006,21.16,39.23,7.02,17.4,-26.92,-60.04,-162.19
pi-industries,2007,42.2,49.95,7.36,33.74,40.53,12.06,-80.11
pi-industries,2008,4.6,13.78,9.35,5.53,7.09,41.03,2648.57
pi-industries,2009,17.69,11.33,31.7,20.52,142.38,267.09,57.28
pi-industries,2010,-6.22,-27.72,64.54,9.4,39.33,77.35,191.54
pi-industries,2011,47.01,49.76,38.23,44.1,45.41,56.58,-78.97
pi-industries,2012,6.1,8.36,51.55,20.57,57.58,56.8,461.46
pi-industries,2013,26.36,-19.32,64.35,41.57,2.09,-4.18,-1.52
pi-industries,2014,3.63,-54.09,30.21,15.99,61.38,90.72,111.16
pi-industries,2015,18.0,-5.29,29.2,23.84,26.19,32.39,-16.59
pi-industries,2016,9.28,53.5,30.96,21.09,18.12,28.82,95.24
pi-industries,2017,-16.49,-33.65,39.2,16.3,26.1,45.96,-4.51
pi-industries,2018,4.25,-44.16,18.85,14.54,-14.31,-19.86,-6.63
pi-industries,2019,23.79,-78.63,18.96,20.25,17.34,11.23,22.36
pi-industries,2020,74.17,5028.28,13.91,30.58,17.48,8.49,71.8
pi-industries,2021,4.1,-49.3,104.2,67.26,46.11,62.54,10.13
pi-industries,2022,0.75,4.04,14.13,11.06,10.68,14.02,-33.33
pi-industries,2023,-22.05,-100.0,17.52,9.28,42.22,47.79,209.46
pi-industries,2024,24.79,,22.33,22.69,37.07,42.87,39.72
pi-industries,2025,4.56,,18.68,16.54,18.11,7.85,-29.55
pi-industries,2026,-1.06,,10.35,8.8,-28.7,-23.13,-53.05
pnb,2011,,,,,,,
pnb,2012,,,,21.11,,,-110.08
pnb,2013,,,,4.51,,,132.58
pnb,2014,,,,14.94,,,-1039.68
pnb,2015,,,,9.61,,,-68.31
pnb,2016,,,,10.62,,,213.51
pnb,2017,,,,7.93,,,-29.06
pnb,2018,,,,6.32,,,-91.9
pnb,2019,,,,1.19,,,-3153.55
pnb,2020,,,,7.19,,,-63.3
pnb,2021,,,,51.76,,,-110.52
pnb,2022,,,,4.3,,,1608.17
pnb,2023,,,,11.18,,,6.96
pnb,2024,,,,6.84,,,-228.07
pnb,2025,,,,16.41,,,-179.84
pnb,2026,,,,9.22,,,18.09
prestige-estate,2006,,,,,,,
prestige-estate,2007,69.84,117.06,45.08,67.97,96.44,118.51,
prestige-estate,2008,4.45,35.2,186.33,16.31,55.82,46.25,
prestige-estate,2009,4.22,20.9,27.43,7.94,37.07,25.45,
prestige-estate,2010,6.39,43.13,28.61,10.6,64.92,85.88,
prestige-estate,2011,-5.11,-25.81,225.63,45.72,15.81,43.62,166.31
prestige-estate,2012,22.16,18.92,4.08,13.26,-29.64,-36.59,-143.14
prestige-estate,2013,31.36,36.58,27.33,29.54,88.02,113.89,-97.18
prestige-estate,2014,12.88,16.92,9.7,11.46,21.49,23.16,-245.72
prestige-estate,2015,23.21,30.62,31.08,26.66,24.21,21.83,4988.75
prestige-estate,2016,23.47,54.87,7.73,16.34,-14.01,-12.65,-58.52
prestige-estate,2017,31.51,-8.78,12.91,23.71,27.99,63.15,-37.11
prestige-estate,2018,16.9,16.2,3.76,11.87,-18.62,-60.7,-237.1
prestige-estate,2019,57.2,24.19,-13.54,32.09,11.38,24.66,-48.28
prestige-estate,2020,2.01,-8.54,23.94,7.11,18.13,-9.27,191.77
prestige-estate,2021,-11.19,-54.64,4.06,-7.09,-19.11,-18.9,1212.97
prestige-estate,2022,-14.21,30.71,16.21,-5.05,95.95,345.16,-48.29
prestige-estate,2023,3.4,29.87,4.4,3.77,-40.99,-64.01,-52.68
prestige-estate,2024,12.56,12.25,2.79,8.94,-34.33,-27.9,-81.51
prestige-estate,2025,14.66,-7.17,73.48,35.24,-19.56,-24.13,-39.54
prestige-estate,2026,39.23,101.66,0.91,22.03,67.16,-1.77,1246.64
r-r-kabel,2023,,,,,,,
r-r-kabel,2024,-14.26,-43.98,82.21,8.93,50.83,57.21,-25.29
r-r-kabel,2025,31.08,-23.16,17.74,22.59,4.78,4.21,45.85
r-r-kabel,2026,50.04,4.63,19.29,31.23,62.0,57.31,-40.27
rail-vikas,2004,,,,,,,
rail-vikas,2005,84.17,,196.58,95.33,,,
rail-vikas,2006,3291.74,,19.0,76.08,,,
rail-vikas,2007,177.73,177.61,22.21,90.92,-38.2,496.3,
rail-vikas,2008,64.11,65.16,76.35,45.18,3476.36,152.26,
rail-vikas,2009,61.7,64.63,4.95,35.4,21.2,43.62,
rail-vikas,2010,35.33,33.66,1.87,24.37,90.27,27.14,-23.25
rail-vikas,2011,-15.38,-20.18,2.12,-10.69,-20.75,17.68,-175.65
rail-vikas,2012,33.76,39.84,3.28,24.41,75.13,61.04,-268.38
rail-vikas,2013,32.8,34.55,4.58,25.62,26.03,37.78,47.59
rail-vikas,2014,18.34,17.44,4.98,15.51,13.5,16.13,-62.95
rail-vikas,2015,23.5,29.29,5.55,20.04,55.79,17.97,233.33
rail-vikas,2016,42.89,-74.71,12.42,37.73,53.01,63.71,-116.3
rail-vikas,2017,-71.91,-19.15,2.38,-61.64,25.43,25.52,-33.51
rail-vikas,2018,-17.32,-7.29,8.7,-7.72,42.63,23.07,-232.49
rail-vikas,2019,75.78,33.86,11.56,47.87,39.99,29.16,-19.67
rail-vikas,2020,-5.08,40.75,20.35,3.26,42.52,30.21,229.37
rail-vikas,2021,17.99,33.24,10.35,15.07,11.87,19.08,-168.08
rail-vikas,2022,57.15,16.29,13.41,41.12,35.39,15.59,632.82
rail-vikas,2023,-17.7,-2.84,15.05,-8.05,5.28,16.63,-184.77
rail-vikas,2024,-2.13,-6.56,21.42,6.55,8.47,15.38,-172.04
rail-vikas,2025,-0.05,-10.0,9.62,4.01,-19.21,-18.75,-34.68
rail-vikas,2026,7.96,-11.35,2.77,5.66,-33.45,-32.65,-200.14
rallis-india,2004,,,,,,,
rallis-india,2005,-27.84,-44.4,18.98,-18.48,-152.29,31.12,-572.3
rallis-india,2006,4.39,-16.52,20.15,8.99,65.43,26.93,-28.57
rallis-india,2007,-14.42,-69.92,20.59,-3.16,-125.71,36.67,-41.51
rallis-india,2008,-16.54,26.19,45.22,8.2,-861.54,115.44,-198.54
rallis-india,2009,35.19,83.49,13.38,23.46,92.61,-43.05,-414.7
rallis-india,2010,-7.14,-89.93,21.25,6.88,33.74,41.73,54.7
rallis-india,2011,37.81,1018.99,19.06,27.3,28.06,24.91,-58.99
rallis-india,2012,3.99,24.9,9.99,7.13,-11.62,-19.67,13.3
rallis-india,2013,-6.49,-92.57,12.25,3.59,14.02,17.74,47.26
rallis-india,2014,-4.86,363.06,14.76,6.58,21.17,22.6,6.06
rallis-india,2015,2.62,59.58,11.88,8.43,-1.19,-0.64,-58.83
rallis-india,2016,-9.85,-62.79,15.09,6.3,-19.34,-13.24,241.91
rallis-india,2017,8.62,-8.12,22.55,18.38,108.67,110.87,61.63
rallis-india,2018,30.39,-15.09,4.75,11.78,-47.19,-46.81,-101.42
rallis-india,2019,57.53,280.73,9.07,24.58,4.09,8.98,-1679.44
rallis-india,2020,18.72,-9.86,9.66,13.33,9.23,20.29,327.15
rallis-india,2021,-3.97,-38.96,12.86,5.73,27.16,23.29,-36.02
rallis-india,2022,16.6,53.19,6.62,10.46,-25.54,-28.16,-23.3
rallis-india,2023,-8.07,79.1,1.97,-2.11,-36.15,-44.03,30.73
rallis-india,2024,9.96,-98.51,5.75,7.35,54.97,60.83,24.1
rallis-india,2025,-8.84,-30.32,4.09,-0.96,-15.32,-15.38,9.68
rallis-india,2026,21.66,538.89,7.28,12.46,30.14,46.95,-41.68
rashtriya-chem,2004,,,,,,,
rashtriya-chem,2005,28.21,73.57,2.72,12.84,24.27,-15.99,-71.96
rashtriya-chem,2006,25.07,16.69,6.64,14.95,-0.27,4.97,33.15
rashtriya-chem,2007,36.78,118.47,6.16,21.19,53.39,0.53,-142.5
rashtriya-chem,2008,29.71,30.18,6.11,19.18,0.11,6.33,-288.95
rashtriya-chem,2009,58.02,14.54,8.72,38.43,137.32,33.78,89.23
rashtriya-chem,2010,-16.08,-6.56,9.81,-8.01,-57.17,11.01,166.24
rashtriya-chem,2011,-43.91,-68.3,9.5,-24.02,19.69,4.36,-5.16
rashtriya-chem,2012,98.44,180.94,7.93,49.87,-10.59,1.68,-123.63
rashtriya-chem,2013,0.63,41.17,8.48,3.67,46.02,12.7,277.86
rashtriya-chem,2014,-10.45,-0.37,6.5,-3.6,13.1,-11.04,-153.37
rashtriya-chem,2015,13.6,13.04,8.07,11.13,30.07,28.88,-27.29
rashtriya-chem,2016,37.63,46.25,4.36,23.18,-41.83,-40.62,-378.73
rashtriya-chem,2017,-25.66,-39.79,3.39,-14.97,-14.16,-6.26,-350.99
rashtriya-chem,2018,-6.01,-24.39,0.16,-3.25,-53.01,-56.04,-32.42
rashtriya-chem,2019,73.42,163.86,3.58,41.07,140.36,76.61,-251.79
rashtriya-chem,2020,20.87,41.3,4.99,15.47,0.05,49.57,-68.07
rashtriya-chem,2021,-39.73,-60.18,4.78,-25.96,80.72,79.25,-1099.21
rashtriya-chem,2022,55.07,59.36,16.5,38.18,65.76,88.78,-111.34
rashtriya-chem,2023,-23.08,-37.25,18.23,-7.83,45.13,37.31,-232.92
rashtriya-chem,2024,33.93,76.27,0.39,18.05,-76.24,-76.45,-153.65
rashtriya-chem,2025,-4.8,-16.18,3.01,-1.66,29.37,6.1,-659.79
rashtriya-chem,2026,77.57,49.47,7.87,48.18,66.74,77.88,-119.93
ratnamani-metal,2004,,,,,,,
ratnamani-metal,2005,119.83,286.51,28.37,80.67,199.36,226.35,338.49
ratnamani-metal,2006,65.3,110.29,61.11,64.03,131.09,153.13,-74.43
ratnamani-metal,2007,95.63,73.78,72.16,88.62,100.54,91.35,332.34
ratnamani-metal,2008,-1.73,-17.67,58.8,16.12,51.29,40.28,135.67
ratnamani-metal,2009,15.76,25.64,27.34,19.4,-3.67,-20.92,47.45
ratnamani-metal,2010,14.34,67.9,27.24,19.26,-28.64,14.37,-165.62
ratnamani-metal,2011,14.4,-25.15,20.83,16.71,-3.34,2.14,-202.84
ratnamani-metal,2012,-13.65,14.58,21.85,1.94,49.86,33.99,-0.59
ratnamani-metal,2013,-20.73,-56.55,21.45,1.41,20.17,21.99,156.31
ratnamani-metal,2014,-0.24,-38.8,18.53,11.56,7.9,5.05,-31.83
ratnamani-metal,2015,-16.76,-58.32,18.5,6.8,16.21,20.8,-8.37
ratnamani-metal,2016,-18.29,-100.0,14.51,6.02,-6.96,-5.68,-47.15
ratnamani-metal,2017,-12.8,,14.11,8.74,-13.35,-11.32,74.98
ratnamani-metal,2018,93.97,,10.2,23.6,3.94,5.19,-153.93
ratnamani-metal,2019,20.98,-17.12,16.35,17.51,67.59,66.63,-859.22
ratnamani-metal,2020,57.56,236.38,12.24,23.95,6.93,21.58,-61.09
ratnamani-metal,2021,-24.72,-33.46,16.29,2.82,-6.82,-10.28,153.13
ratnamani-metal,2022,13.55,1.3,13.11,13.22,20.89,16.85,-149.84
ratnamani-metal,2023,21.9,1.46,20.11,20.54,65.41,59.44,-216.8
ratnamani-metal,2024,-35.1,-69.93,19.36,6.07,15.29,18.4,54.21
ratnamani-metal,2025,58.94,-100.0,15.13,21.67,-9.29,-5.03,6.44
ratnamani-metal,2026,-38.61,,10.03,0.55,-34.69,-24.92,87.36
raymond,2004,,,,,,,
raymond,2005,,,,,,,-19.5
raymond,2006,,,,,,,43.96
raymond,2007,,,,,,,-63.71
raymond,2008,,,,,,,-72.86
raymond,2009,,,,,,,676.68
raymond,2010,,,,,,,-37.66
raymond,2011,,,,,,,-138.08
raymond,2012,,,,,,,-695.95
raymond,2013,,,,,,,-18.15
raymond,2014,,,,,,,-90.71
raymond,2015,,,,,,,1054.82
raymond,2016,,,,,,,45.84
raymond,2017,,,,,,,5.05
raymond,2018,,,,,,,10.44
raymond,2019,,,,,,,-63.39
raymond,2020,,,,,,,242.69
raymond,2021,,,,,,,24.89
raymond,2022,,,,,,,100.18
raymond,2023,,,,,,,-16.02
raymond,2024,,,,,,,4.75
raymond,2025,,,,,,,-51.19
raymond,2026,,,,,,,-142.47
raymond-realty,2023,,,,,,,
raymond-realty,2024,-93.01,-93.02,43.04,-99.3,100.0,-61.96,
raymond-realty,2025,-98.41,-100.0,-125.66,158.33,200.0,-77.14,
raymond-realty,2026,9768800.0,,536068.97,1131729.03,-459083.33,-328500.0,
sail,2004,,,,,,,
sail,2005,7.64,-33.59,104.59,29.2,202.25,171.37,23.86
sail,2006,3.41,-25.52,22.26,10.05,-43.84,-41.13,-57.03
sail,2007,-9.06,-2.72,37.39,9.11,61.61,54.19,47.31
sail,2008,5.42,-27.16,33.21,19.11,19.97,21.8,48.74
sail,2009,44.38,147.56,21.33,31.68,-25.37,-18.07,-26.9
sail,2010,33.0,119.02,19.06,25.92,5.84,9.39,-21.62
sail,2011,8.05,15.41,11.26,9.59,-22.59,-27.38,-55.06
sail,2012,-6.38,-15.53,7.4,0.33,-30.65,-24.93,-45.78
sail,2013,18.26,33.57,3.05,10.32,-29.26,-41.05,105.57
sail,2014,14.13,12.87,4.0,9.19,5.98,20.56,144.67
sail,2015,13.24,16.29,1.97,8.01,-8.86,-20.02,-53.36
sail,2016,9.53,17.19,-9.9,1.02,-284.05,-292.17,38.47
sail,2017,15.35,17.63,-8.13,6.18,-46.08,-29.55,-44.07
sail,2018,11.27,8.02,-0.82,7.18,-155.25,-83.0,189.78
sail,2019,-0.24,-1.4,6.83,1.97,277.37,-552.31,18.57
sail,2020,8.99,23.57,4.26,7.44,-4.83,-7.22,-108.91
sail,2021,-13.66,-30.52,9.35,-6.35,53.11,90.45,-3696.21
sail,2022,-10.78,-62.37,19.59,0.5,92.23,212.08,32.35
sail,2023,14.99,91.71,0.23,8.47,-80.12,-84.16,-117.46
sail,2024,10.36,19.22,3.82,7.69,51.03,43.62,-154.25
sail,2025,-7.36,-2.56,2.82,-3.36,-6.91,-21.41,237.12
sail,2026,-2.85,7.08,4.56,0.25,14.43,50.54,92.22
sbi,2011,,,,,,,
sbi,2012,,,,9.13,,,-183.04
sbi,2013,,,,17.28,,,-176.09
sbi,2014,,,,14.46,,,-34.87
sbi,2015,,,,14.24,,,95.79
sbi,2016,,,,15.11,,,-59.46
sbi,2017,,,,14.78,,,-1.22
sbi,2018,,,,27.67,,,-872.36
sbi,2019,,,,6.55,,,-140.54
sbi,2020,,,,7.35,,,-25.82
sbi,2021,,,,14.76,,,249.84
sbi,2022,,,,9.99,,,-35.0
sbi,2023,,,,10.61,,,-256.38
sbi,2024,,,,12.01,,,-120.82
sbi,2025,,,,8.03,,,141.09
sbi,2026,,,,14.18,,,-30.45
shriram-finance,2004,,,,,,,
shriram-finance,2005,55.81,61.9,88.8,57.26,40.78,34.01,98.05
shriram-finance,2006,201.53,196.65,259.83,209.75,168.31,186.53,494.3
shriram-finance,2007,81.26,98.78,33.25,74.28,56.7,34.6,-22.5
shriram-finance,2008,68.78,69.21,66.34,68.62,90.91,104.74,126.29
shriram-finance,2009,37.89,36.08,28.03,36.86,53.26,57.09,-73.2
shriram-finance,2010,1.95,-8.26,68.85,7.87,22.18,42.57,-155.8
shriram-finance,2011,15.48,-28.15,27.89,17.21,20.37,40.86,-335.74
shriram-finance,2012,11.45,33.65,22.18,13.12,5.51,2.24,-57.7
shriram-finance,2013,26.37,30.87,20.07,25.31,12.53,8.2,709.36
shriram-finance,2014,8.8,10.77,14.99,9.8,17.85,-7.09,-46.05
shriram-finance,2015,22.31,33.21,11.66,20.52,8.21,-2.09,162.18
shriram-finance,2016,15.41,-1.85,9.92,14.56,9.82,-4.82,-20.19
shriram-finance,2017,9.17,15.13,11.31,9.49,4.01,6.72,-65.95
shriram-finance,2018,32.58,112.32,20.11,30.69,42.17,95.69,388.93
shriram-finance,2019,6.92,7.04,16.65,8.28,11.42,4.2,-57.94
shriram-finance,2020,7.45,7.35,13.7,8.39,3.79,-2.42,-55.49
shriram-finance,2021,12.47,12.53,19.79,13.63,5.37,-0.58,72.06
shriram-finance,2022,7.46,7.82,20.23,9.58,7.7,8.87,109.0
shriram-finance,2023,38.03,37.91,67.0,43.32,56.06,120.81,78.82
shriram-finance,2024,17.68,17.69,12.15,16.5,18.15,20.26,74.56
shriram-finance,2025,25.72,26.02,15.88,23.71,26.9,35.75,52.88
shriram-finance,2026,7.67,7.04,16.75,9.41,11.98,2.43,-69.29
signatureglobal,2019,,,,,,,
signatureglobal,2020,,,,,-108.99,-106.33,
signatureglobal,2021,-0.12,-2.16,42.49,27.91,447.24,282.23,
signatureglobal,2022,16.0,-65.81,38.47,32.38,186.57,823.77,
signatureglobal,2023,100.11,390.32,162.21,147.57,-13.52,61.76,
signatureglobal,2024,22.19,-26.32,11.23,13.32,-47.61,-119.69,
signatureglobal,2025,9.43,40.77,17.0,15.45,-309.68,182.22,
signatureglobal,2026,23.04,85.41,9.08,11.8,-134.87,-74.14,
sobha,2004,,,,,,,
sobha,2005,96.5,300.63,123.64,99.6,199.3,168.08,-1049.97
sobha,2006,93.48,89.37,108.74,95.44,165.62,155.12,-57.58
sobha,2007,40.74,37.95,496.02,102.9,84.41,82.51,676.75
sobha,2008,91.35,202.06,21.19,63.21,35.18,41.34,112.42
sobha,2009,7.11,8.46,10.23,8.04,-27.65,-51.96,-118.58
sobha,2010,-17.1,-23.96,56.81,5.36,-7.73,24.6,66.99
sobha,2011,-5.83,-77.5,8.67,0.73,54.07,33.51,26.05
sobha,2012,6.28,-32.22,7.75,7.0,22.62,10.08,28.35
sobha,2013,23.27,392.99,5.81,14.69,7.05,-2.13,-24.43
sobha,2014,16.62,1.36,5.96,11.79,2.76,5.07,-21.89
sobha,2015,20.98,63.36,4.59,13.94,-0.52,-3.61,-208.06
sobha,2016,10.52,15.38,4.83,8.27,-9.97,-31.23,-161.53
sobha,2017,56.38,2.43,2.25,35.71,-4.94,2.4,69.16
sobha,2018,-0.31,4.51,4.08,0.96,24.68,38.32,-23.91
sobha,2019,36.49,6.21,-20.62,19.55,36.06,47.74,-13.59
sobha,2020,-2.53,25.99,10.1,-0.04,72.74,1.03,-78.97
sobha,2021,2.56,-3.5,-0.01,2.0,-44.54,-77.36,1216.89
sobha,2022,1.67,-17.26,3.44,2.04,37.37,72.18,24.53
sobha,2023,13.74,-18.81,-1.05,10.55,-66.55,-15.56,46.89
sobha,2024,10.6,-4.16,0.72,8.69,-35.74,-51.13,-41.67
sobha,2025,11.97,-41.56,87.53,25.48,16.25,140.99,-73.91
sobha,2026,14.98,-10.82,6.05,12.59,54.45,168.48,175.6
sonata,2004,,,,,,,
sonata,2005,35.91,,5.69,7.11,30.48,43.99,224.67
sonata,2006,107.37,,-2.62,3.93,81.98,-52.56,44.15
sonata,2007,-20.46,,13.87,9.8,34.05,351.54,56.91
sonata,2008,15.72,,11.59,11.94,9.23,4.44,-4.24
sonata,2009,29.8,,12.35,13.89,81.5,45.43,33.52
sonata,2010,25.34,,30.53,30.01,-9.47,12.82,-24.0
sonata,2011,14.52,,7.44,8.13,-1.38,2.76,5.56
sonata,2012,20.25,,-4.85,-2.25,-80.29,-75.9,-80.77
sonata,2013,43.19,,3.69,8.71,10.71,5.7,126.7
sonata,2014,41.18,-66.09,3.1,9.48,290.17,241.62,194.37
sonata,2015,37.09,-6.5,11.89,17.34,138.88,118.18,43.84
sonata,2016,28.09,1714.1,0.85,7.73,0.24,-0.03,-1.2
sonata,2017,-45.8,-100.0,29.92,7.19,22.02,13.5,18.07
sonata,2018,40.43,,4.97,10.35,3.73,13.5,53.07
sonata,2019,5.23,,8.49,7.86,41.75,13.98,-75.08
sonata,2020,125.47,,-29.99,-0.7,-17.7,22.52,657.62
sonata,2021,-9.33,,41.86,19.96,17.91,-15.26,-33.16
sonata,2022,-8.49,,7.98,2.65,-42.02,31.37,-23.62
sonata,2023,7.45,,-3.17,-0.11,-10.68,-6.3,-138.02
sonata,2024,-1.07,-93.55,27.65,18.75,-54.55,62.82,249.06
sonata,2025,-10.14,-100.0,13.67,7.52,9.65,-40.42,-88.81
sonata,2026,162.39,,1.56,36.29,121.86,30.39,-301.59
supreme-ind,2004,,,,,,,
supreme-ind,2005,11.24,19.47,4.72,8.71,-13.66,12.2,-76.09
supreme-ind,2006,27.01,-3.67,-5.06,14.91,59.8,69.04,602.12
supreme-ind,2007,25.2,-3.86,12.96,21.44,39.35,25.5,71.31
supreme-ind,2008,32.6,31.53,10.69,26.35,33.37,1.91,-33.53
supreme-ind,2009,-0.84,-17.18,14.95,3.11,87.97,90.55,78.45
supreme-ind,2010,3.54,-7.91,31.28,11.27,21.4,48.71,-22.83
supreme-ind,2011,26.63,95.25,29.45,27.56,25.07,20.81,16.76
supreme-ind,2012,-14.58,-43.27,31.03,0.64,35.61,37.46,72.87
supreme-ind,2013,38.09,61.14,25.11,32.45,13.61,13.23,37.52
supreme-ind,2014,-1.35,-5.94,20.24,7.51,7.32,3.31,-19.35
supreme-ind,2015,0.69,-14.5,16.44,7.92,8.19,12.2,84.38
supreme-ind,2016,-3.79,-30.44,8.73,2.41,-33.81,-32.5,-50.36
supreme-ind,2017,0.82,1.24,27.16,14.67,74.12,77.99,55.67
supreme-ind,2018,-6.29,0.35,11.56,4.12,1.99,7.98,9.23
supreme-ind,2019,3.39,-30.25,14.98,10.63,10.11,12.57,9.83
supreme-ind,2020,22.22,153.57,7.02,12.35,-7.73,7.67,-3.17
supreme-ind,2021,-15.38,-99.85,34.54,15.49,70.29,61.44,130.95
supreme-ind,2022,3.5,560.66,18.08,14.0,-5.5,1.31,-62.18
supreme-ind,2023,12.18,-100.0,13.48,13.15,-7.51,-5.84,89.19
supreme-ind,2024,11.88,,17.0,15.71,33.48,32.92,58.5
supreme-ind,2025,4.18,,10.84,9.22,-14.08,-11.75,-28.94
supreme-ind,2026,7.8,,9.35,8.99,4.79,1.62,21.97
supreme-ind (1),2004,,,,,,,
supreme-ind (1),2005,,,,,,,-76.09
supreme-ind (1),2006,,,,,,,602.12
supreme-ind (1),2007,,,,,,,71.31
supreme-ind (1),2008,,,,,,,-33.53
supreme-ind (1),2009,,,,,,,78.45
supreme-ind (1),2010,,,,,,,-22.83
supreme-ind (1),2011,,,,,,,16.76
supreme-ind (1),2012,,,,,,,72.87
supreme-ind (1),2013,,,,,,,37.52
supreme-ind (1),2014,,,,,,,-19.35
supreme-ind (1),2015,,,,,,,84.38
supreme-ind (1),2016,,,,,,,-50.36
supreme-ind (1),2017,,,,,,,55.67
supreme-ind (1),2018,,,,,,,9.23
supreme-ind (1),2019,,,,,,,9.83
supreme-ind (1),2020,,,,,,,-3.17
supreme-ind (1),2021,,,,,,,130.95
supreme-ind (1),2022,,,,,,,-62.18
supreme-ind (1),2023,,,,,,,89.19
supreme-ind (1),2024,,,,,,,58.5
supreme-ind (1),2025,,,,,,,-28.94
supreme-ind (1),2026,,,,,,,21.97
supreme-ind (2),2004,,,,,,,
supreme-ind (2),2005,,,,,,,-76.09
supreme-ind (2),2006,,,,,,,602.12
supreme-ind (2),2007,,,,,,,71.31
supreme-ind (2),2008,,,,,,,-33.53
supreme-ind (2),2009,,,,,,,78.45
supreme-ind (2),2010,,,,,,,-22.83
supreme-ind (2),2011,,,,,,,16.76
supreme-ind (2),2012,,,,,,,72.87
supreme-ind (2),2013,,,,,,,37.52
supreme-ind (2),2014,,,,,,,-19.35
supreme-ind (2),2015,,,,,,,84.38
supreme-ind (2),2016,,,,,,,-50.36
supreme-ind (2),2017,,,,,,,55.67
supreme-ind (2),2018,,,,,,,9.23
supreme-ind (2),2019,,,,,,,9.83
supreme-ind (2),2020,,,,,,,-3.17
supreme-ind (2),2021,,,,,,,130.95
supreme-ind (2),2022,,,,,,,-62.18
supreme-ind (2),2023,,,,,,,89.19
supreme-ind (2),2024,,,,,,,58.5
supreme-ind (2),2025,,,,,,,-28.94
supreme-ind (2),2026,,,,,,,21.97
symphony,2004,,,,,,,
symphony,2005,-0.25,-6.06,77.01,-20.69,110.53,118.99,
symphony,2006,-22.58,-68.44,-40.62,-11.93,31.75,-22.45,-19.52
symphony,2007,9.15,57.56,-40.19,28.87,-142.5,-170.72,-168.09
symphony,2008,49.59,-55.74,-365.62,126.21,614.29,461.86,-1377.5
symphony,2009,-3.81,-91.55,503.65,106.28,124.38,258.03,92.56
symphony,2010,-21.38,-66.67,68.0,35.37,46.49,-14.61,-44.49
symphony,2011,7.59,70.0,42.69,35.23,16.71,21.66,-83.84
symphony,2012,125.76,4270.59,22.75,40.13,1.16,12.04,2376.77
symphony,2013,6.46,-100.0,23.9,19.15,22.5,24.51,-31.19
symphony,2014,50.76,,24.41,30.82,58.77,57.74,36.39
symphony,2015,3.97,,24.68,18.89,9.61,17.75,42.57
symphony,2016,-40.25,,6.12,-5.23,13.38,5.66,-30.65
symphony,2017,48.59,,50.75,50.42,35.97,41.98,22.46
symphony,2018,-2.22,,29.97,25.07,5.67,4.76,19.27
symphony,2019,22.47,,10.85,12.23,-50.5,-44.8,50.04
symphony,2020,-2.67,,-2.99,-2.95,81.42,84.07,-33.97
symphony,2021,24.49,,17.22,18.17,-42.42,-39.57,-14.12
symphony,2022,53.55,,8.66,14.83,-1.89,-1.37,-92.15
symphony,2023,0.78,-45.68,10.36,8.6,56.14,48.72,1620.61
symphony,2024,-2.7,-100.0,-15.09,-12.98,-13.84,-7.14,42.96
symphony,2025,50.78,,-0.46,9.3,31.66,14.94,30.21
symphony,2026,-38.86,,-32.54,-34.2,-195.65,-194.46,-93.61
tata-steel,2004,,,,,,,
tata-steel,2005,-9.32,-18.78,56.34,10.26,99.24,98.95,30.96
tata-steel,2006,-2.13,-8.16,38.18,14.91,-3.1,0.93,-4.86
tata-steel,2007,90.09,283.34,42.99,66.9,17.52,20.41,40.94
tata-steel,2008,54.96,86.84,95.72,72.01,20.89,11.01,22.2
tata-steel,2009,39.85,49.52,8.81,24.46,14.19,10.98,18.28
tata-steel,2010,-4.13,-6.33,25.13,8.55,-4.64,-2.98,13.14
tata-steel,2011,10.38,-2.34,26.3,20.35,40.42,36.04,-0.36
tata-steel,2012,0.46,-13.1,12.09,7.41,-0.8,-2.47,22.99
tata-steel,2013,7.5,10.35,4.92,5.91,-19.13,-24.39,7.92
tata-steel,2014,7.27,0.91,10.76,8.99,21.96,26.65,12.32
tata-steel,2015,-1.85,0.35,9.02,4.18,-7.86,0.42,-60.98
tata-steel,2016,7.96,19.99,5.72,6.51,-62.67,-23.89,55.97
tata-steel,2017,17.99,-2.73,-29.54,-9.53,106.46,-29.72,47.56
tata-steel,2018,3.01,-9.65,23.87,12.24,13.81,21.05,5.6
tata-steel,2019,5.62,5.63,14.53,9.9,91.66,152.62,28.85
tata-steel,2020,13.56,47.19,5.83,9.38,-44.5,-35.98,-11.45
tata-steel,2021,15.98,-17.1,26.61,20.01,142.43,153.24,179.14
tata-steel,2022,13.18,-0.78,32.87,22.99,102.85,93.3,11.8
tata-steel,2023,2.53,18.29,7.47,5.32,-52.7,-53.06,-66.12
tata-steel,2024,9.04,6.23,2.15,5.07,-52.4,-68.97,92.09
tata-steel,2025,18.03,47.15,-7.96,3.46,102.49,190.59,-12.62
tata-steel,2026,7.7,8.42,6.94,7.32,17.35,15.0,33.84
tci-finance,2004,,,,,,,
tci-finance,2005,,,,,,,561.4
tci-finance,2006,,,,,,,-66.05
tci-finance,2007,,,,,,,-17.97
tci-finance,2008,,,,,,,-561.9
tci-finance,2009,,,,,,,-72.37
tci-finance,2010,,,,,,,-82.09
tci-finance,2011,,,,,,,2791.67
tci-finance,2012,,,,,,,-160.37
tci-finance,2013,,,,,,,-69.69
tci-finance,2014,,,,,,,2906.3
tci-finance,2015,,,,,,,-173.44
tci-finance,2016,,,,,,,-54.92
tci-finance,2017,,,,,,,-125.0
tci-finance,2018,,,,,,,2.85
tci-finance,2019,,,,,,,343.38
tci-finance,2020,,,,,,,-258.71
tci-finance,2021,,,,,,,-107.39
tci-finance,2022,,,,,,,-1437.28
tci-finance,2023,,,,,,,-143.36
tci-finance,2024,,,,,,,-61.94
tci-finance,2025,,,,,,,14.21
tci-finance,2026,,,,,,,-140.61
tcs,2004,,,,,,,
tcs,2005,135.43,-67.8,6954.06,625.39,-261620.69,11964.69,309117.19
tcs,2006,26.79,-70.6,68.9,56.22,35.37,48.35,18.47
tcs,2007,49.08,42.93,43.67,44.99,28.51,38.29,51.48
tcs,2008,37.88,-64.03,36.55,36.89,15.38,20.0,7.79
tcs,2009,36.54,121.21,22.19,25.82,22.7,4.16,27.33
tcs,2010,43.58,-11.47,12.42,20.98,10.61,19.64,28.53
tcs,2011,-11.64,1.65,29.52,16.1,32.72,34.73,-8.7
tcs,2012,45.47,164.88,26.95,31.55,30.05,44.99,-44.5
tcs,2013,11.14,69.51,31.0,25.55,26.23,16.49,188.44
tcs,2014,29.69,-45.02,35.29,33.93,51.47,44.49,41.33
tcs,2015,30.23,179.04,3.1,9.48,-1.42,4.23,26.1
tcs,2016,-29.72,-34.87,43.15,22.76,26.94,19.83,10.21
tcs,2017,-5.39,49.69,20.01,15.94,-0.32,2.5,28.61
tcs,2018,29.43,-9.84,-2.76,1.45,2.52,6.71,-6.68
tcs,2019,35.63,-100.0,4.0,9.27,27.1,19.11,11.17
tcs,2020,48.56,,-5.74,5.5,4.22,10.63,10.86
tcs,2021,13.0,,0.57,4.2,4.0,-6.92,27.14
tcs,2022,27.48,,3.18,10.86,18.55,23.34,6.82
tcs,2023,2.72,,-3.41,-1.18,10.14,2.41,2.5
tcs,2024,8.26,,-3.24,1.1,8.38,11.39,5.71
tcs,2025,16.61,,4.85,9.61,5.31,10.33,4.28
tcs,2026,12.98,,11.98,12.41,0.34,2.16,11.71
tech-mahindra,2004,,,,,,,
tech-mahindra,2005,36.7,,10.91,16.71,34.41,-27.41,539.53
tech-mahindra,2006,130.73,,23.83,51.97,60.17,209.64,-47.85
tech-mahindra,2007,73.54,,46.85,57.53,211.08,-54.94,-97.57
tech-mahindra,2008,42.97,80.44,39.91,41.25,14.4,245.03,6372.22
tech-mahindra,2009,-11.82,-100.0,53.12,24.18,52.9,188.31,472.39
tech-mahindra,2010,152.85,,52.4,112.1,-17.14,-24.71,17.68
tech-mahindra,2011,22.45,-13.49,18.05,4.18,-16.5,-6.21,-66.68
tech-mahindra,2012,7.63,-4.74,1.75,4.36,-22.37,-33.89,41.39
tech-mahindra,2013,5.98,-1.96,21.47,14.39,66.41,41.66,-3.41
tech-mahindra,2014,59.92,-99.55,105.35,103.06,218.61,311.57,101.37
tech-mahindra,2015,-7.9,-100.0,31.06,15.45,-13.51,-15.99,59.83
tech-mahindra,2016,29.49,,20.4,21.35,1.9,42.72,39.37
tech-mahindra,2017,-4.32,1.93,24.62,14.93,6.32,-5.36,15.59
tech-mahindra,2018,7.4,-16.76,15.69,12.92,6.46,31.24,0.78
tech-mahindra,2019,40.39,-97.03,5.66,13.21,38.92,9.53,8.22
tech-mahindra,2020,-19.42,-100.0,7.88,-0.06,-32.76,3.52,-34.5
tech-mahindra,2021,4.55,,12.29,10.07,53.92,-6.51,187.85
tech-mahindra,2022,11.18,,3.34,4.88,3.37,15.9,-56.66
tech-mahindra,2023,36.67,,-3.96,2.94,-18.0,-23.11,38.15
tech-mahindra,2024,-5.25,,-6.66,-3.81,-60.61,-43.65,22.02
tech-mahindra,2025,22.09,,-3.23,4.38,118.32,64.71,-14.23
tech-mahindra,2026,22.48,,-3.11,5.85,42.37,10.07,7.0
transport-corp,2004,,,,,,,
transport-corp,2005,19.41,16.39,7.01,13.35,22.54,36.29,
transport-corp,2006,26.18,17.74,32.06,30.05,85.72,160.54,
transport-corp,2007,63.28,93.31,18.17,40.65,38.8,14.02,
transport-corp,2008,6.39,4.79,39.95,19.63,11.16,-7.0,
transport-corp,2009,9.63,1.69,8.34,9.03,19.54,-0.39,
transport-corp,2010,19.16,16.63,13.45,16.54,25.56,51.77,
transport-corp,2011,8.42,-6.61,-2.46,3.56,22.16,19.4,
transport-corp,2012,3.49,11.82,14.31,8.04,-0.71,1.01,
transport-corp,2013,6.61,2.36,12.34,9.16,-0.23,0.21,
transport-corp,2014,-5.97,-10.97,12.75,2.6,4.37,19.36,
transport-corp,2015,6.12,4.82,27.32,16.78,12.92,22.46,
transport-corp,2016,2.19,10.72,-12.31,-5.76,6.3,12.01,
transport-corp,2017,12.65,21.97,13.97,13.32,-22.34,-17.4,
transport-corp,2018,9.03,3.85,16.53,12.88,37.72,47.67,
transport-corp,2019,13.64,4.03,23.64,18.94,23.15,23.03,
transport-corp,2020,-8.62,-10.25,13.5,3.56,-13.66,-0.96,
transport-corp,2021,-18.81,-42.87,13.72,0.83,-0.09,6.61,
transport-corp,2022,-37.08,-79.21,21.54,2.83,94.01,98.43,
transport-corp,2023,6.07,31.01,19.4,16.79,2.1,13.49,
transport-corp,2024,13.83,60.79,17.86,17.14,-6.89,8.04,
transport-corp,2025,27.74,15.32,7.24,10.77,22.11,20.74,
transport-corp,2026,54.39,58.07,20.15,26.96,12.56,12.14,
triveni-engg,2004,,,,,,,
triveni-engg,2005,11.83,9.69,29.57,15.16,216.36,253.01,-355.45
triveni-engg,2006,-2.48,-10.55,173.14,34.58,18.0,109.77,27.72
triveni-engg,2007,113.69,148.77,30.51,78.08,-9.65,-42.61,59.37
triveni-engg,2008,11.58,16.69,13.25,12.1,39.08,47.85,-96.7
triveni-engg,2009,-6.56,-28.66,17.77,1.15,59.25,52.24,5558.68
triveni-engg,2010,-1.54,12.04,7.36,1.74,-63.24,-46.5,-99.53
triveni-engg,2011,-24.38,-25.46,4.11,-13.28,-36.91,-85.62,6584.52
triveni-engg,2012,13.14,22.99,-6.79,3.82,-79.54,-610.8,-109.17
triveni-engg,2014,64.08,18.33,-15.94,30.48,-162.06,129.02,-249.71
triveni-engg,2015,5.89,33.22,-23.87,-2.16,624.88,7.4,-674.58
triveni-engg,2016,4.85,14.49,-10.86,1.55,-198.59,-94.62,-30.12
triveni-engg,2017,-6.06,-1.83,41.76,2.78,397.83,-2745.07,-255.83
triveni-engg,2018,-8.28,-26.76,13.27,-2.79,-41.76,-53.01,333.24
triveni-engg,2019,27.31,44.76,22.41,25.86,23.46,100.98,-127.34
triveni-engg,2020,0.37,-13.79,17.84,5.41,69.08,48.48,-416.55
triveni-engg,2021,-25.18,-40.72,15.16,-12.16,-2.54,-16.54,55.05
triveni-engg,2022,13.35,81.88,21.25,16.7,18.04,39.83,-118.98
triveni-engg,2023,-25.4,-45.01,49.89,7.71,298.06,403.44,-370.52
triveni-engg,2024,25.61,61.06,8.72,15.28,-75.09,-79.65,-76.16
triveni-engg,2025,21.49,27.52,7.44,13.38,-31.42,-36.55,49.25
triveni-engg,2026,20.59,23.33,6.88,13.09,8.57,4.08,14.18
union-bank,2011,,,,,,,
union-bank,2012,,,,11.11,,,-186.43
union-bank,2013,,,,18.93,,,-105.53
union-bank,2014,,,,13.44,,,994.28
union-bank,2015,,,,7.87,,,-263.94
union-bank,2016,,,,6.05,,,-329.46
union-bank,2017,,,,11.86,,,-94.68
union-bank,2018,,,,7.67,,,1229.02
union-bank,2019,,,,1.36,,,-217.44
union-bank,2020,,,,11.47,,,4.08
union-bank,2021,,,,94.61,,,-371.06
union-bank,2022,,,,10.81,,,77.15
union-bank,2023,,,,7.84,,,-83.48
union-bank,2024,,,,8.68,,,239.7
union-bank,2025,,,,7.75,,,-14.23
union-bank,2026,,,,4.63,,,-326.11
v-guard-ind,2004,,,,,,,
v-guard-ind,2005,81.07,25.06,17.73,42.54,,,
v-guard-ind,2006,-30.56,-0.6,90.98,30.66,,,
v-guard-ind,2007,45.06,24.8,239.71,190.53,,,
v-guard-ind,2008,29.36,86.91,15.93,16.84,,,
v-guard-ind,2009,26.27,21.18,2.02,5.56,,,
v-guard-ind,2010,16.43,22.33,0.48,3.26,,,
v-guard-ind,2011,13.77,18.43,0.54,3.15,,,
v-guard-ind,2012,-12.71,-19.15,-14.74,-14.3,,,
v-guard-ind,2013,-10.43,-2.31,-63.18,-51.51,,,
v-guard-ind,2014,-7.48,-2.68,-93.58,-58.45,,,
v-guard-ind,2015,-0.26,-0.77,-42.78,-4.05,,,
v-guard-ind,2016,-6.6,-0.45,-1518.92,-89.05,,,
v-guard-ind,2017,0.22,0.0,1.97,-12.11,,,
v-guard-ind,2018,0.78,0.0,0.87,-0.51,,,
v-guard-ind,2019,0.61,0.0,0.68,0.0,,,
v-guard-ind,2020,1.04,0.58,1.16,0.0,,,
v-guard-ind,2021,-10.51,-13.41,0.06,-99.49,,,
v-guard-ind,2022,10.35,11.47,10.24,200.0,,,
v-guard-ind,2023,9.22,10.02,9.23,0.0,,,
vedanta,2004,,,,,,,
vedanta,2005,12.15,-78.73,129.55,81.01,366.32,368.09,230.93
vedanta,2006,28.64,-40.68,49.69,44.3,17.94,16.66,13.04
vedanta,2007,-8.53,-100.0,38.95,28.11,8.19,12.42,49.21
vedanta,2008,35.42,,85.29,77.16,151.48,146.04,123.71
vedanta,2009,55.29,,61.86,61.04,20.28,30.19,58.98
vedanta,2010,397.49,100727.23,59.56,100.17,-11.66,9.04,-3.57
vedanta,2011,-15.01,-49.56,60.76,38.13,74.22,62.07,47.8
vedanta,2012,88.77,270.54,11.43,25.64,-37.96,-51.06,-48.04
vedanta,2013,6.88,25.07,0.86,2.52,-92.49,-92.81,-108.34
vedanta,2014,846.32,650.15,158.59,356.54,267.07,791.02,-2307.61
vedanta,2015,-10.71,3.3,1.13,-5.94,434.5,79.09,49.71
vedanta,2016,132.45,-12.23,132.43,132.54,-766.33,-717.8,132.17
vedanta,2017,-16.41,19.39,0.77,-9.0,-120.71,-192.97,-17.33
vedanta,2018,-24.96,-17.61,3.2,-11.44,85.57,-34.45,-59.59
vedanta,2019,12.55,25.16,-5.39,2.51,-72.43,-30.06,134.08
vedanta,2020,-4.7,4.98,-10.25,-7.57,-492.05,-232.65,-6.49
vedanta,2021,-12.38,-29.05,9.86,-1.23,-159.06,-256.02,-16.0
vedanta,2022,17.02,30.68,1.12,8.15,143.95,64.19,107.77
vedanta,2023,27.57,14.52,-12.67,6.6,-29.71,58.63,-0.58
vedanta,2024,-6.59,0.5,-3.36,-5.21,36.82,-75.79,8.36
vedanta,2025,-0.45,1.39,15.05,6.3,6.98,170.69,25.68
vedanta,2026,17.43,-75.13,3.51,10.87,-71.34,-1.13,-15.87
voltas,2004,,,,,,,
voltas,2005,14.04,27.84,2.39,11.64,-214.79,29.16,-291.72
voltas,2006,12.63,-32.32,24.75,14.91,83.89,39.83,11.81
voltas,2007,25.05,14.07,57.72,31.73,91.11,163.98,-96.61
voltas,2008,25.17,-41.96,41.38,29.14,139.36,11.98,20733.13
voltas,2009,49.39,169.44,35.42,45.64,3.42,21.22,-83.49
voltas,2010,-3.58,-85.14,36.52,6.42,54.49,36.28,409.5
voltas,2011,19.33,392.19,27.78,22.04,24.09,2.7,-97.02
voltas,2012,-4.59,89.32,7.23,-0.63,-74.23,-57.04,-3431.87
voltas,2013,6.43,19.22,8.72,7.26,46.62,18.57,-125.68
voltas,2014,-2.07,-8.77,7.78,1.54,-21.26,0.78,350.14
voltas,2015,-4.12,-72.56,15.12,3.36,112.69,81.41,-33.77
voltas,2016,-0.73,125.2,13.0,5.22,3.49,1.11,39.23
voltas,2017,9.24,-42.19,43.59,25.21,26.42,46.05,-5.63
voltas,2018,13.41,-59.73,17.73,15.71,15.21,3.09,2.74
voltas,2019,3.9,308.48,6.52,5.32,-13.68,-7.33,-203.96
voltas,2020,11.06,-22.21,12.69,11.96,45.84,28.12,-186.95
voltas,2021,-12.45,15.2,18.17,4.47,-6.65,-4.17,111.79
voltas,2022,21.92,23.76,11.72,15.54,14.51,2.31,17.07
voltas,2023,-10.39,126.34,21.63,8.96,123.91,140.85,-94.72
voltas,2024,30.66,41.83,10.71,17.2,-64.92,-57.0,1088.18
voltas,2025,7.21,39.68,8.45,8.0,39.85,28.55,-94.36
voltas,2026,31.52,39.85,-2.07,10.03,-70.92,-56.1,-649.13
welspun-corp,2004,,,,,,,
welspun-corp,2005,220.14,132.83,35.75,153.44,-78.15,-53.0,-20.53
welspun-corp,2006,48.73,108.67,68.95,53.1,419.74,81.41,-89.27
welspun-corp,2007,46.23,88.69,30.7,42.77,92.9,131.99,-324.32
welspun-corp,2008,40.44,19.05,130.33,60.43,121.4,145.82,-996.73
welspun-corp,2009,67.85,20.56,3.68,47.01,-20.9,-33.7,373.96
welspun-corp,2010,-35.09,-8.96,77.83,-12.71,126.72,132.79,-114.7
welspun-corp,2011,28.86,34.45,11.16,21.81,-37.97,-32.53,-627.59
welspun-corp,2012,27.71,-3.16,17.77,33.46,-82.65,-82.18,-15.57
welspun-corp,2013,-10.13,5.68,22.47,-5.94,-17.0,-18.25,-106.18
welspun-corp,2014,-32.56,-22.74,-55.63,-42.33,-75.04,-133.04,-862.88
welspun-corp,2015,26.59,-1.79,-4.31,16.53,84.67,-10.43,-34.43
welspun-corp,2016,-20.71,-13.41,-1.82,-15.66,-275.85,494.27,25.76
welspun-corp,2017,10.42,-22.52,-1.41,6.74,-468.02,-287.02,-17.29
welspun-corp,2018,-19.92,-56.31,5.86,-12.51,-18.08,-27.94,197.52
welspun-corp,2019,-23.11,17.58,-14.55,-20.13,-185.76,-320.32,-69.92
welspun-corp,2020,19.88,6.84,-4.68,10.74,-189.19,-196.73,-93.21
welspun-corp,2021,-25.52,-30.19,73.41,6.2,211.4,279.67,2240.9
welspun-corp,2022,22.83,80.73,25.87,24.4,-62.43,-52.29,-48.9
welspun-corp,2023,13.76,56.18,1.95,7.51,199.49,8.84,-267.3
welspun-corp,2024,21.89,-16.9,2.64,12.23,-42.73,-9.89,-297.19
welspun-corp,2025,-8.52,-67.29,20.4,4.87,245.16,76.7,56.93
welspun-corp,2026,1.89,2.43,20.12,11.39,-2.39,20.41,-19.46
whirlpool,2004,,,,,,,
whirlpool,2005,6.44,0.11,-50.96,-5.29,,,-348.88
whirlpool,2006,-17.3,-40.52,118.08,-2.97,,,371.78
whirlpool,2007,5.44,-6.84,-2.72,3.5,,,105.43
whirlpool,2008,13.66,-8.46,15.6,14.09,,,-1.54
whirlpool,2009,-17.92,-47.14,28.6,-7.38,,,117.42
whirlpool,2010,21.83,-99.86,20.59,21.44,,,2.68
whirlpool,2011,10.45,-100.0,15.18,11.93,,,8.76
whirlpool,2012,-21.8,,16.05,-9.63,,,3.78
whirlpool,2013,10.08,,25.98,16.64,,,-32.43
whirlpool,2014,8.04,,19.84,13.3,,,41.43
whirlpool,2015,12.56,,23.74,17.84,,,47.3
whirlpool,2016,16.33,,27.29,21.76,,,14.62
whirlpool,2017,28.33,,27.22,27.76,,,11.57
whirlpool,2018,2.61,,21.12,12.16,,,0.18
whirlpool,2019,9.58,,19.28,14.98,,,4.75
whirlpool,2020,14.71,,18.86,17.11,,,-5.53
whirlpool,2021,21.89,,10.85,15.42,,,37.85
whirlpool,2022,-6.69,,5.53,0.19,,,-82.09
whirlpool,2023,5.07,,4.28,4.6,,,101.36
whirlpool,2024,-0.63,,3.8,1.99,,,182.78
whirlpool,2025,22.18,,8.18,13.76,,,-3.83
whirlpool,2026,15.38,,5.03,9.46,,,-54.75
whirlpool (1),2004,,,,,,,
whirlpool (1),2005,,,,,,,-348.88
whirlpool (1),2006,,,,,,,371.78
whirlpool (1),2007,,,,,,,105.43
whirlpool (1),2008,,,,,,,-1.54
whirlpool (1),2009,,,,,,,117.42
whirlpool (1),2010,,,,,,,2.68
whirlpool (1),2011,,,,,,,8.76
whirlpool (1),2012,,,,,,,3.78
whirlpool (1),2013,,,,,,,-32.43
whirlpool (1),2014,,,,,,,41.43
whirlpool (1),2015,,,,,,,47.3
whirlpool (1),2016,,,,,,,14.62
whirlpool (1),2017,,,,,,,11.57
whirlpool (1),2018,,,,,,,0.18
whirlpool (1),2019,,,,,,,4.75
whirlpool (1),2020,,,,,,,-5.53
whirlpool (1),2021,,,,,,,37.85
whirlpool (1),2022,,,,,,,-82.09
whirlpool (1),2023,,,,,,,101.36
whirlpool (1),2024,,,,,,,182.78
whirlpool (1),2025,,,,,,,-3.83
whirlpool (1),2026,,,,,,,-54.75
wipro,2004,,,,,,,
wipro,2005,0.86,-38.33,39.48,26.5,,,82.34
wipro,2006,57.97,-19.23,31.23,38.5,,,14.75
wipro,2007,40.99,374.48,45.11,43.77,,,39.87
wipro,2008,114.01,1506.05,24.0,51.44,,,-73.23
wipro,2009,44.65,31.17,8.32,23.44,,,506.86
wipro,2010,1.99,10.3,41.37,21.78,,,3.06
wipro,2011,1.3,-14.82,20.52,12.5,,,-17.11
wipro,2012,11.28,11.3,14.22,13.12,,,-19.22
wipro,2013,15.68,-22.83,-0.51,5.47,,,104.12
wipro,2014,-0.58,11.48,21.16,12.36,,,7.67
wipro,2015,14.69,33.77,17.94,16.77,,,16.92
wipro,2016,-5.79,10.98,19.08,10.33,,,-13.2
wipro,2017,-7.05,-7.93,13.29,7.18,,,10.23
wipro,2018,-0.26,-23.44,-9.51,-7.1,,,-12.21
wipro,2019,7.3,7.5,16.87,14.19,,,57.78
wipro,2020,7.08,-0.93,-5.95,-2.52,,,-11.19
wipro,2021,8.71,15.48,-2.61,0.66,,,40.36
wipro,2022,27.02,32.28,20.13,22.28,,,-43.11
wipro,2023,-13.39,-32.54,15.48,6.13,,,54.57
wipro,2024,5.86,-19.41,-7.94,-4.29,,,27.02
wipro,2025,22.09,44.91,8.86,12.73,,,-7.46
wipro,2026,15.52,1.65,1.24,5.76,,,-27.24
wipro (1),2004,,,,,,,
wipro (1),2005,,,,,,,82.34
wipro (1),2006,,,,,,,14.75
wipro (1),2007,,,,,,,39.87
wipro (1),2008,,,,,,,-73.23
wipro (1),2009,,,,,,,506.86
wipro (1),2010,,,,,,,3.06
wipro (1),2011,,,,,,,-17.11
wipro (1),2012,,,,,,,-19.22
wipro (1),2013,,,,,,,104.12
wipro (1),2014,,,,,,,7.67
wipro (1),2015,,,,,,,16.92
wipro (1),2016,,,,,,,-13.2
wipro (1),2017,,,,,,,10.23
wipro (1),2018,,,,,,,-12.21
wipro (1),2019,,,,,,,57.78
wipro (1),2020,,,,,,,-11.19
wipro (1),2021,,,,,,,40.36
wipro (1),2022,,,,,,,-43.11
wipro (1),2023,,,,,,,54.57
wipro (1),2024,,,,,,,27.02
wipro (1),2025,,,,,,,-7.46
wipro (1),2026,,,,,,,-27.24
yes-bank,2011,,,,,,,
yes-bank,2012,,,,24.77,,,-179.38
yes-bank,2013,,,,34.61,,,-122.32
yes-bank,2014,,,,10.0,,,722.9
yes-bank,2015,,,,24.91,,,-132.57
yes-bank,2016,,,,21.37,,,-74.94
yes-bank,2017,,,,30.13,,,-1305.74
yes-bank,2018,,,,45.28,,,-599.65
yes-bank,2019,,,,21.89,,,12.72
yes-bank,2020,,,,-32.3,,,133.73
yes-bank,2021,,,,6.1,,,-187.02
yes-bank,2022,,,,16.33,,,-52.9
yes-bank,2023,,,,11.49,,,-208.48
yes-bank,2024,,,,14.29,,,-137.45
yes-bank,2025,,,,4.42,,,-36.83
yes-bank,2026,,,,10.79,,,249.95
